<div type="book" osisID="1Cor" canonical="true">
<title type="main">1 KORINTUS</title>
<chapter osisID="1Cor.1" chapterTitle="PASAL 1.">
<title type="chapter">PASAL 1.</title>
<verse osisID="1Cor.1.1"> Dari Paulus, yang oleh kehendak Allah dipanggil menjadi rasul Kristus Yesus, dan dari Sostenes, saudara kita,</verse>
<verse osisID="1Cor.1.2"> kepada jemaat Allah di Korintus, yaitu mereka yang dikuduskan dalam Kristus Yesus dan yang dipanggil menjadi orang-orang kudus, dengan semua orang di segala tempat, yang berseru kepada nama Tuhan kita Yesus Kristus, yaitu Tuhan mereka dan Tuhan kita.</verse>
<verse osisID="1Cor.1.3"> Kasih karunia dan damai sejahtera dari Allah, Bapa kita, dan dari Tuhan Yesus Kristus menyertai kamu.</verse>
<verse osisID="1Cor.1.4"> Aku senantiasa mengucap syukur kepada Allahku karena kamu atas kasih karunia Allah yang dianugerahkan-Nya kepada kamu dalam Kristus Yesus.</verse>
<verse osisID="1Cor.1.5"> Sebab di dalam Dia kamu telah menjadi kaya dalam segala hal: dalam segala macam perkataan dan segala macam pengetahuan,</verse>
<verse osisID="1Cor.1.6"> sesuai dengan kesaksian tentang Kristus, yang telah diteguhkan di antara kamu.</verse>
<verse osisID="1Cor.1.7"> Demikianlah kamu tidak kekurangan dalam suatu karunia pun sementara kamu menantikan penyataan Tuhan kita Yesus Kristus.</verse>
<verse osisID="1Cor.1.8"> Ia juga akan meneguhkan kamu sampai kepada kesudahannya, sehingga kamu tak bercacat pada hari Tuhan kita Yesus Kristus.</verse>
<verse osisID="1Cor.1.9"> Allah, yang memanggil kamu kepada persekutuan dengan Anak-Nya Yesus Kristus, Tuhan kita, adalah setia.</verse>
<verse osisID="1Cor.1.10"> Tetapi aku menasihatkan kamu, saudara-saudara, demi nama Tuhan kita Yesus Kristus, supaya kamu seia sekata dan jangan ada perpecahan di antara kamu, tetapi sebaliknya supaya kamu erat bersatu dan sehati sepikir.</verse>
<verse osisID="1Cor.1.11"> Sebab, saudara-saudaraku, aku telah diberitahukan oleh orang-orang dari keluarga Klo?entang kamu, bahwa ada perselisihan di antara kamu.</verse>
<verse osisID="1Cor.1.12"> Yang aku maksudkan ialah, bahwa kamu masing-masing berkata: Aku dari golongan Paulus. Atau aku dari golongan Apolos. Atau aku dari golongan Kefas. Atau aku dari golongan Kristus.</verse>
<verse osisID="1Cor.1.13"> Adakah Kristus terbagi-bagi? Adakah Paulus disalibkan karena kamu? Atau adakah kamu dibaptis dalam nama Paulus?</verse>
<verse osisID="1Cor.1.14"> Aku mengucap syukur bahwa tidak ada seorang pun juga di antara kamu yang aku baptis selain Krispus dan Gayus,</verse>
<verse osisID="1Cor.1.15"> sehingga tidak ada orang yang dapat mengatakan, bahwa kamu dibaptis dalam namaku.</verse>
<verse osisID="1Cor.1.16"> Juga keluarga Stefanus aku yang membaptisnya. Kecuali mereka aku tidak tahu, entahkah ada lagi orang yang aku baptis.</verse>
<verse osisID="1Cor.1.17"> Sebab Kristus mengutus aku bukan untuk membaptis, tetapi untuk memberitakan Injil; dan itu pun bukan dengan hikmat perkataan, supaya salib Kristus jangan menjadi sia-sia.</verse>
<verse osisID="1Cor.1.18"> Sebab pemberitaan tentang salib memang adalah kebodohan bagi mereka yang akan binasa, tetapi bagi kita yang diselamatkan pemberitaan itu adalah kekuatan Allah.</verse>
<verse osisID="1Cor.1.19"> Karena ada tertulis: "Aku akan membinasakan hikmat orang-orang berhikmat dan kearifan orang-orang bijak akan Kulenyapkan."</verse>
<verse osisID="1Cor.1.20"> Di manakah orang yang berhikmat? Di manakah ahli Taurat? Di manakah pembantah dari dunia ini? Bukankah Allah telah membuat hikmat dunia ini menjadi kebodohan?</verse>
<verse osisID="1Cor.1.21"> Oleh karena dunia, dalam hikmat Allah, tidak mengenal Allah oleh hikmatnya, maka Allah berkenan menyelamatkan mereka yang percaya oleh kebodohan pemberitaan Injil.</verse>
<verse osisID="1Cor.1.22"> Orang-orang Yahudi menghendaki tanda dan orang-orang Yunani mencari hikmat,</verse>
<verse osisID="1Cor.1.23"> tetapi kami memberitakan Kristus yang disalibkan: untuk orang-orang Yahudi suatu batu sandungan dan untuk orang-orang bukan Yahudi suatu kebodohan,</verse>
<verse osisID="1Cor.1.24"> tetapi untuk mereka yang dipanggil, baik orang Yahudi, maupun orang bukan Yahudi, Kristus adalah kekuatan Allah dan hikmat Allah.</verse>
<verse osisID="1Cor.1.25"> Sebab yang bodoh dari Allah lebih besar hikmatnya dari pada manusia dan yang lemah dari Allah lebih kuat dari pada manusia.</verse>
<verse osisID="1Cor.1.26"> Ingat saja, saudara-saudara, bagaimana keadaan kamu, ketika kamu dipanggil: menurut ukuran manusia tidak banyak orang yang bijak, tidak banyak orang yang berpengaruh, tidak banyak orang yang terpandang.</verse>
<verse osisID="1Cor.1.27"> Tetapi apa yang bodoh bagi dunia, dipilih Allah untuk memalukan orang-orang yang berhikmat, dan apa yang lemah bagi dunia, dipilih Allah untuk memalukan apa yang kuat,</verse>
<verse osisID="1Cor.1.28"> dan apa yang tidak terpandang dan yang hina bagi dunia, dipilih Allah, bahkan apa yang tidak berarti, dipilih Allah untuk meniadakan apa yang berarti,</verse>
<verse osisID="1Cor.1.29"> supaya jangan ada seorang manusia pun yang memegahkan diri di hadapan Allah.</verse>
<verse osisID="1Cor.1.30"> Tetapi oleh Dia kamu berada dalam Kristus Yesus, yang oleh Allah telah menjadi hikmat bagi kita. Ia membenarkan dan menguduskan dan menebus kita.</verse>
<verse osisID="1Cor.1.31"> Karena itu seperti ada tertulis: "Barangsiapa yang bermegah, hendaklah ia bermegah di dalam Tuhan."</verse>
</chapter>
<chapter osisID="1Cor.2" chapterTitle="PASAL 2.">
<title type="chapter">PASAL 2.</title>
<verse osisID="1Cor.2.1"> Demikianlah pula, ketika aku datang kepadamu, saudara-saudara, aku tidak datang dengan kata-kata yang indah atau dengan hikmat untuk menyampaikan kesaksian Allah kepada kamu.</verse>
<verse osisID="1Cor.2.2"> Sebab aku telah memutuskan untuk tidak mengetahui apa-apa di antara kamu selain Yesus Kristus, yaitu Dia yang disalibkan.</verse>
<verse osisID="1Cor.2.3"> Aku juga telah datang kepadamu dalam kelemahan dan dengan sangat takut dan gentar.</verse>
<verse osisID="1Cor.2.4"> Baik perkataanku maupun pemberitaanku tidak kusampaikan dengan kata-kata hikmat yang meyakinkan, tetapi dengan keyakinan akan kekuatan Roh,</verse>
<verse osisID="1Cor.2.5"> supaya iman kamu jangan bergantung pada hikmat manusia, tetapi pada kekuatan Allah.</verse>
<verse osisID="1Cor.2.6"> Sungguhpun demikian kami memberitakan hikmat di kalangan mereka yang telah matang, yaitu hikmat yang bukan dari dunia ini, dan yang bukan dari penguasa-penguasa dunia ini, yaitu penguasa-penguasa yang akan ditiadakan.</verse>
<verse osisID="1Cor.2.7"> Tetapi yang kami beritakan ialah hikmat Allah yang tersembunyi dan rahasia, yang sebelum dunia dijadikan, telah disediakan Allah bagi kemuliaan kita.</verse>
<verse osisID="1Cor.2.8"> Tidak ada dari penguasa dunia ini yang mengenalnya, sebab kalau sekiranya mereka mengenalnya, mereka tidak menyalibkan Tuhan yang mulia.</verse>
<verse osisID="1Cor.2.9"> Tetapi seperti ada tertulis: "Apa yang tidak pernah dilihat oleh mata, dan tidak pernah didengar oleh telinga, dan yang tidak pernah timbul di dalam hati manusia: semua yang disediakan Allah untuk mereka yang mengasihi Dia."</verse>
<verse osisID="1Cor.2.10"> Karena kepada kita Allah telah menyatakannya oleh Roh, sebab Roh menyelidiki segala sesuatu, bahkan hal-hal yang tersembunyi dalam diri Allah.</verse>
<verse osisID="1Cor.2.11"> Siapa gerangan di antara manusia yang tahu, apa yang terdapat di dalam diri manusia selain roh manusia sendiri yang ada di dalam dia? Demikian pulalah tidak ada orang yang tahu, apa yang terdapat di dalam diri Allah selain Roh Allah.</verse>
<verse osisID="1Cor.2.12"> Kita tidak menerima roh dunia, tetapi roh yang berasal dari Allah, supaya kita tahu, apa yang dikaruniakan Allah kepada kita.</verse>
<verse osisID="1Cor.2.13"> Dan karena kami menafsirkan hal-hal rohani kepada mereka yang mempunyai Roh, kami berkata-kata tentang karunia-karunia Allah dengan perkataan yang bukan diajarkan kepada kami oleh hikmat manusia, tetapi oleh Roh.</verse>
<verse osisID="1Cor.2.14"> Tetapi manusia duniawi tidak menerima apa yang berasal dari Roh Allah, karena hal itu baginya adalah suatu kebodohan; dan ia tidak dapat memahaminya, sebab hal itu hanya dapat dinilai secara rohani.</verse>
<verse osisID="1Cor.2.15"> Tetapi manusia rohani menilai segala sesuatu, tetapi ia sendiri tidak dinilai oleh orang lain.</verse>
<verse osisID="1Cor.2.16"> Sebab: "Siapakah yang mengetahui pikiran Tuhan, sehingga ia dapat menasihati Dia?" Tetapi kami memiliki pikiran Kristus.</verse>
</chapter>
<chapter osisID="1Cor.3" chapterTitle="PASAL 3.">
<title type="chapter">PASAL 3.</title>
<verse osisID="1Cor.3.1"> Dan aku, saudara-saudara, pada waktu itu tidak dapat berbicara dengan kamu seperti dengan manusia rohani, tetapi hanya dengan manusia duniawi, yang belum dewasa dalam Kristus.</verse>
<verse osisID="1Cor.3.2"> Susulah yang kuberikan kepadamu, bukanlah makanan keras, sebab kamu belum dapat menerimanya. Dan sekarang pun kamu belum dapat menerimanya.</verse>
<verse osisID="1Cor.3.3"> Karena kamu masih manusia duniawi. Sebab, jika di antara kamu ada iri hati dan perselisihan bukankah hal itu menunjukkan, bahwa kamu manusia duniawi dan bahwa kamu hidup secara manusiawi?</verse>
<verse osisID="1Cor.3.4"> Karena jika yang seorang berkata: "Aku dari golongan Paulus," dan yang lain berkata: "Aku dari golongan Apolos," bukankah hal itu menunjukkan, bahwa kamu manusia duniawi yang bukan rohani?</verse>
<verse osisID="1Cor.3.5"> Jadi, apakah Apolos? Apakah Paulus? Pelayan-pelayan Tuhan yang olehnya kamu menjadi percaya, masing-masing menurut jalan yang diberikan Tuhan kepadanya.</verse>
<verse osisID="1Cor.3.6"> Aku menanam, Apolos menyiram, tetapi Allah yang memberi pertumbuhan.</verse>
<verse osisID="1Cor.3.7"> Karena itu yang penting bukanlah yang menanam atau yang menyiram, melainkan Allah yang memberi pertumbuhan.</verse>
<verse osisID="1Cor.3.8"> Baik yang menanam maupun yang menyiram adalah sama; dan masing-masing akan menerima upahnya sesuai dengan pekerjaannya sendiri.</verse>
<verse osisID="1Cor.3.9"> Karena kami adalah kawan sekerja Allah; kamu adalah ladang Allah, bangunan Allah.</verse>
<verse osisID="1Cor.3.10"> Sesuai dengan kasih karunia Allah, yang dianugerahkan kepadaku, aku sebagai seorang ahli bangunan yang cakap telah meletakkan dasar, dan orang lain membangun terus di atasnya. Tetapi tiap-tiap orang harus memperhatikan, bagaimana ia harus membangun di atasnya.</verse>
<verse osisID="1Cor.3.11"> Karena tidak ada seorang pun yang dapat meletakkan dasar lain dari pada dasar yang telah diletakkan, yaitu Yesus Kristus.</verse>
<verse osisID="1Cor.3.12"> Entahkah orang membangun di atas dasar ini dengan emas, perak, batu permata, kayu, rumput kering atau jerami,</verse>
<verse osisID="1Cor.3.13"> sekali kelak pekerjaan masing-masing orang akan nampak. Karena hari Tuhan akan menyatakannya, sebab ia akan nampak dengan api dan bagaimana pekerjaan masing-masing orang akan diuji oleh api itu.</verse>
<verse osisID="1Cor.3.14"> Jika pekerjaan yang dibangun seseorang tahan uji, ia akan mendapat upah.</verse>
<verse osisID="1Cor.3.15"> Jika pekerjaannya terbakar, ia akan menderita kerugian, tetapi ia sendiri akan diselamatkan, tetapi seperti dari dalam api.</verse>
<verse osisID="1Cor.3.16"> Tidak tahukah kamu, bahwa kamu adalah bait Allah dan bahwa Roh Allah diam di dalam kamu?</verse>
<verse osisID="1Cor.3.17"> Jika ada orang yang membinasakan bait Allah, maka Allah akan membinasakan dia. Sebab bait Allah adalah kudus dan bait Allah itu ialah kamu.</verse>
<verse osisID="1Cor.3.18"> Janganlah ada orang yang menipu dirinya sendiri. Jika ada di antara kamu yang menyangka dirinya berhikmat menurut dunia ini, biarlah ia menjadi bodoh, supaya ia berhikmat.</verse>
<verse osisID="1Cor.3.19"> Karena hikmat dunia ini adalah kebodohan bagi Allah. Sebab ada tertulis: "Ia yang menangkap orang berhikmat dalam kecerdikannya."</verse>
<verse osisID="1Cor.3.20"> Dan di tempat lain: "Tuhan mengetahui rancangan-rancangan orang berhikmat; sesungguhnya semuanya sia-sia belaka."</verse>
<verse osisID="1Cor.3.21"> Karena itu janganlah ada orang yang memegahkan dirinya atas manusia, sebab segala sesuatu adalah milikmu:</verse>
<verse osisID="1Cor.3.22"> baik Paulus, Apolos, maupun Kefas, baik dunia, hidup, maupun mati, baik waktu sekarang, maupun waktu yang akan datang. Semuanya kamu punya.</verse>
<verse osisID="1Cor.3.23"> Tetapi kamu adalah milik Kristus dan Kristus adalah milik Allah.</verse>
</chapter>
<chapter osisID="1Cor.4" chapterTitle="PASAL 4">
<title type="chapter">PASAL 4</title>
<verse osisID="1Cor.4.1"> Demikianlah hendaknya orang memandang kami: sebagai hamba-hamba Kristus, yang kepadanya dipercayakan rahasia Allah.</verse>
<verse osisID="1Cor.4.2"> Yang akhirnya dituntut dari pelayan-pelayan yang demikian ialah, bahwa mereka ternyata dapat dipercayai.</verse>
<verse osisID="1Cor.4.3"> Bagiku sedikit sekali artinya entahkah aku dihakimi oleh kamu atau oleh suatu pengadilan manusia. Malahan diriku sendiri pun tidak kuhakimi.</verse>
<verse osisID="1Cor.4.4"> Sebab memang aku tidak sadar akan sesuatu, tetapi bukan karena itulah aku dibenarkan. Dia, yang menghakimi aku, ialah Tuhan.</verse>
<verse osisID="1Cor.4.5"> Karena itu, janganlah menghakimi sebelum waktunya, yaitu sebelum Tuhan datang. Ia akan menerangi, juga apa yang tersembunyi dalam kegelapan, dan Ia akan memperlihatkan apa yang direncanakan di dalam hati. Maka tiap-tiap orang akan menerima pujian dari Allah.</verse>
<verse osisID="1Cor.4.6"> Saudara-saudara, kata-kata ini aku kenakan pada diriku sendiri dan pada Apolos, karena kamu, supaya dari teladan kami kamu belajar apakah artinya ungkapan: "Jangan melampaui yang ada tertulis", supaya jangan ada di antara kamu yang menyombongkan diri dengan jalan mengutamakan yang satu dari pada yang lain.</verse>
<verse osisID="1Cor.4.7"> Sebab siapakah yang menganggap engkau begitu penting? Dan apakah yang engkau punyai, yang tidak engkau terima? Dan jika engkau memang menerimanya, mengapakah engkau memegahkan diri, seolah-olah engkau tidak menerimanya?</verse>
<verse osisID="1Cor.4.8"> Kamu telah kenyang, kamu telah menjadi kaya, tanpa kami kamu telah menjadi raja. Ah, alangkah baiknya kalau benar demikian, bahwa kamu telah menjadi raja, sehingga kami pun turut menjadi raja dengan kamu.</verse>
<verse osisID="1Cor.4.9"> Sebab, menurut pendapatku, Allah memberikan kepada kami, para rasul, tempat yang paling rendah, sama seperti orang-orang yang telah dijatuhi hukuman mati, sebab kami telah menjadi tontonan bagi dunia, bagi malaikat-malaikat dan bagi manusia.</verse>
<verse osisID="1Cor.4.10"> Kami bodoh oleh karena Kristus, tetapi kamu arif dalam Kristus. Kami lemah, tetapi kamu kuat. Kamu mulia, tetapi kami hina.</verse>
<verse osisID="1Cor.4.11"> Sampai pada saat ini kami lapar, haus, telanjang, dipukul dan hidup mengembara,</verse>
<verse osisID="1Cor.4.12"> kami melakukan pekerjaan tangan yang berat. Kalau kami dimaki, kami memberkati; kalau kami dianiaya, kami sabar;</verse>
<verse osisID="1Cor.4.13"> kalau kami difitnah, kami tetap menjawab dengan ramah; kami telah menjadi sama dengan sampah dunia, sama dengan kotoran dari segala sesuatu, sampai pada saat ini.</verse>
<verse osisID="1Cor.4.14"> Hal ini kutuliskan bukan untuk memalukan kamu, tetapi untuk menegor kamu sebagai anak-anakku yang kukasihi.</verse>
<verse osisID="1Cor.4.15"> Sebab sekalipun kamu mempunyai beribu-ribu pendidik dalam Kristus, kamu tidak mempunyai banyak bapa. Karena akulah yang dalam Kristus Yesus telah menjadi bapamu oleh Injil yang kuberitakan kepadamu.</verse>
<verse osisID="1Cor.4.16"> Sebab itu aku menasihatkan kamu: turutilah teladanku!</verse>
<verse osisID="1Cor.4.17"> Justru itulah sebabnya aku mengirimkan kepadamu Timotius, yang adalah anakku yang kekasih dan yang setia dalam Tuhan. Ia akan memperingatkan kamu akan hidup yang kuturuti dalam Kristus Yesus, seperti yang kuajarkan di mana-mana dalam setiap jemaat.</verse>
<verse osisID="1Cor.4.18"> Tetapi ada beberapa orang yang menjadi sombong, karena mereka menyangka, bahwa aku tidak akan datang lagi kepadamu.</verse>
<verse osisID="1Cor.4.19"> Tetapi aku akan segera datang kepadamu, kalau Tuhan menghendakinya. Maka aku akan tahu, bukan tentang perkataan orang-orang yang sombong itu, tetapi tentang kekuatan mereka.</verse>
<verse osisID="1Cor.4.20"> Sebab Kerajaan Allah bukan terdiri dari perkataan, tetapi dari kuasa.</verse>
<verse osisID="1Cor.4.21"> Apakah yang kamu kehendaki? Haruskah aku datang kepadamu dengan cambuk atau dengan kasih dan dengan hati yang lemah lembut?</verse>
</chapter>
<chapter osisID="1Cor.5" chapterTitle="PASAL 5.">
<title type="chapter">PASAL 5.</title>
<verse osisID="1Cor.5.1"> Memang orang mendengar, bahwa ada percabulan di antara kamu, dan percabulan yang begitu rupa, seperti yang tidak terdapat sekalipun di antara bangsa-bangsa yang tidak mengenal Allah, yaitu bahwa ada orang yang hidup dengan isteri ayahnya.</verse>
<verse osisID="1Cor.5.2"> Sekalipun demikian kamu sombong. Tidakkah lebih patut kamu berdukacita dan menjauhkan orang yang melakukan hal itu dari tengah-tengah kamu?</verse>
<verse osisID="1Cor.5.3"> Sebab aku, sekalipun secara badani tidak hadir, tetapi secara rohani hadir, aku -- sama seperti aku hadir -- telah menjatuhkan hukuman atas dia, yang telah melakukan hal yang semacam itu.</verse>
<verse osisID="1Cor.5.4"> Bilamana kita berkumpul dalam roh, kamu bersama-sama dengan aku, dengan kuasa Yesus, Tuhan kita,</verse>
<verse osisID="1Cor.5.5"> orang itu harus kita serahkan dalam nama Tuhan Yesus kepada Iblis, sehingga binasa tubuhnya, agar rohnya diselamatkan pada hari Tuhan.</verse>
<verse osisID="1Cor.5.6"> Kemegahanmu tidak baik. Tidak tahukah kamu, bahwa sedikit ragi mengkhamiri seluruh adonan?</verse>
<verse osisID="1Cor.5.7"> Buanglah ragi yang lama itu, supaya kamu menjadi adonan yang baru, sebab kamu memang tidak beragi. Sebab anak domba Paskah kita juga telah disembelih, yaitu Kristus.</verse>
<verse osisID="1Cor.5.8"> Karena itu marilah kita berpesta, bukan dengan ragi yang lama, bukan pula dengan ragi keburukan dan kejahatan, tetapi dengan roti yang tidak beragi, yaitu kemurnian dan kebenaran.</verse>
<verse osisID="1Cor.5.9"> Dalam suratku telah kutuliskan kepadamu, supaya kamu jangan bergaul dengan orang-orang cabul.</verse>
<verse osisID="1Cor.5.10"> Yang aku maksudkan bukanlah dengan semua orang cabul pada umumnya dari dunia ini atau dengan semua orang kikir dan penipu atau dengan semua penyembah berhala, karena jika demikian kamu harus meninggalkan dunia ini.</verse>
<verse osisID="1Cor.5.11"> Tetapi yang kutuliskan kepada kamu ialah, supaya kamu jangan bergaul dengan orang, yang sekalipun menyebut dirinya saudara, adalah orang cabul, kikir, penyembah berhala, pemfitnah, pemabuk atau penipu; dengan orang yang demikian janganlah kamu sekali-kali makan bersama-sama.</verse>
<verse osisID="1Cor.5.12"> Sebab dengan wewenang apakah aku menghakimi mereka, yang berada di luar jemaat? Bukankah kamu hanya menghakimi mereka yang berada di dalam jemaat?</verse>
<verse osisID="1Cor.5.13"> Mereka yang berada di luar jemaat akan dihakimi Allah. Usirlah orang yang melakukan kejahatan dari tengah-tengah kamu.</verse>
</chapter>
<chapter osisID="1Cor.6" chapterTitle="PASAL 6.">
<title type="chapter">PASAL 6.</title>
<verse osisID="1Cor.6.1"> Apakah ada seorang di antara kamu, yang jika berselisih dengan orang lain, berani mencari keadilan pada orang-orang yang tidak benar, dan bukan pada orang-orang kudus?</verse>
<verse osisID="1Cor.6.2"> Atau tidak tahukah kamu, bahwa orang-orang kudus akan menghakimi dunia? Dan jika penghakiman dunia berada dalam tangan kamu, tidakkah kamu sanggup untuk mengurus perkara-perkara yang tidak berarti?</verse>
<verse osisID="1Cor.6.3"> Tidak tahukah kamu, bahwa kita akan menghakimi malaikat-malaikat? Jadi apalagi perkara-perkara biasa dalam hidup kita sehari-hari.</verse>
<verse osisID="1Cor.6.4"> Sekalipun demikian, jika kamu harus mengurus perkara-perkara biasa, kamu menyerahkan urusan itu kepada mereka yang tidak berarti dalam jemaat?</verse>
<verse osisID="1Cor.6.5"> Hal ini kukatakan untuk memalukan kamu. Tidak adakah seorang di antara kamu yang berhikmat, yang dapat mengurus perkara-perkara dari saudara-saudaranya?</verse>
<verse osisID="1Cor.6.6"> Adakah saudara yang satu mencari keadilan terhadap saudara yang lain, dan justru pada orang-orang yang tidak percaya?</verse>
<verse osisID="1Cor.6.7"> Adanya saja perkara di antara kamu yang seorang terhadap yang lain telah merupakan kekalahan bagi kamu. Mengapa kamu tidak lebih suka menderita ketidakadilan? Mengapakah kamu tidak lebih suka dirugikan?</verse>
<verse osisID="1Cor.6.8"> Tetapi kamu sendiri melakukan ketidakadilan dan kamu sendiri mendatangkan kerugian, dan hal itu kamu buat terhadap saudara-saudaramu.</verse>
<verse osisID="1Cor.6.9"> Atau tidak tahukah kamu, bahwa orang-orang yang tidak adil tidak akan mendapat bagian dalam Kerajaan Allah? Janganlah sesat! Orang cabul, penyembah berhala, orang berzinah, banci, orang pemburit,</verse>
<verse osisID="1Cor.6.10"> pencuri, orang kikir, pemabuk, pemfitnah dan penipu tidak akan mendapat bagian dalam Kerajaan Allah.</verse>
<verse osisID="1Cor.6.11"> Dan beberapa orang di antara kamu demikianlah dahulu. Tetapi kamu telah memberi dirimu disucikan, kamu telah dikuduskan, kamu telah dibenarkan dalam nama Tuhan Yesus Kristus dan dalam Roh Allah kita.</verse>
<verse osisID="1Cor.6.12"> Segala sesuatu halal bagiku, tetapi bukan semuanya berguna. Segala sesuatu halal bagiku, tetapi aku tidak membiarkan diriku diperhamba oleh suatu apa pun.</verse>
<verse osisID="1Cor.6.13"> Makanan adalah untuk perut dan perut untuk makanan: tetapi kedua-duanya akan dibinasakan Allah. Tetapi tubuh bukanlah untuk percabulan, melainkan untuk Tuhan, dan Tuhan untuk tubuh.</verse>
<verse osisID="1Cor.6.14"> Allah, yang membangkitkan Tuhan, akan membangkitkan kita juga oleh kuasa-Nya.</verse>
<verse osisID="1Cor.6.15"> Tidak tahukah kamu, bahwa tubuhmu adalah anggota Kristus? Akan kuambilkah anggota Kristus untuk menyerahkannya kepada percabulan? Sekali-kali tidak!</verse>
<verse osisID="1Cor.6.16"> Atau tidak tahukah kamu, bahwa siapa yang mengikatkan dirinya pada perempuan cabul, menjadi satu tubuh dengan dia? Sebab, demikianlah kata nas: "Keduanya akan menjadi satu daging."</verse>
<verse osisID="1Cor.6.17"> Tetapi siapa yang mengikatkan dirinya pada Tuhan, menjadi satu roh dengan Dia.</verse>
<verse osisID="1Cor.6.18"> Jauhkanlah dirimu dari percabulan! Setiap dosa lain yang dilakukan manusia, terjadi di luar dirinya. Tetapi orang yang melakukan percabulan berdosa terhadap dirinya sendiri.</verse>
<verse osisID="1Cor.6.19"> Atau tidak tahukah kamu, bahwa tubuhmu adalah bait Roh Kudus yang diam di dalam kamu, Roh Kudus yang kamu peroleh dari Allah, -- dan bahwa kamu bukan milik kamu sendiri?</verse>
<verse osisID="1Cor.6.20"> Sebab kamu telah dibeli dan harganya telah lunas dibayar: Karena itu muliakanlah Allah dengan tubuhmu!</verse>
</chapter>
<chapter osisID="1Cor.7" chapterTitle="PASAL 7.">
<title type="chapter">PASAL 7.</title>
<verse osisID="1Cor.7.1"> Dan sekarang tentang hal-hal yang kamu tuliskan kepadaku. Adalah baik bagi laki-laki, kalau ia tidak kawin,</verse>
<verse osisID="1Cor.7.2"> tetapi mengingat bahaya percabulan, baiklah setiap laki-laki mempunyai isterinya sendiri dan setiap perempuan mempunyai suaminya sendiri.</verse>
<verse osisID="1Cor.7.3"> Hendaklah suami memenuhi kewajibannya terhadap isterinya, demikian pula isteri terhadap suaminya.</verse>
<verse osisID="1Cor.7.4"> Isteri tidak berkuasa atas tubuhnya sendiri, tetapi suaminya, demikian pula suami tidak berkuasa atas tubuhnya sendiri, tetapi isterinya.</verse>
<verse osisID="1Cor.7.5"> Janganlah kamu saling menjauhi, kecuali dengan persetujuan bersama untuk sementara waktu, supaya kamu mendapat kesempatan untuk berdoa. Sesudah itu hendaklah kamu kembali hidup bersama-sama, supaya Iblis jangan menggodai kamu, karena kamu tidak tahan bertarak.</verse>
<verse osisID="1Cor.7.6"> Hal ini kukatakan kepadamu sebagai kelonggaran, bukan sebagai perintah.</verse>
<verse osisID="1Cor.7.7"> Namun demikian alangkah baiknya, kalau semua orang seperti aku; tetapi setiap orang menerima dari Allah karunianya yang khas, yang seorang karunia ini, yang lain karunia itu.</verse>
<verse osisID="1Cor.7.8"> Tetapi kepada orang-orang yang tidak kawin dan kepada janda-janda aku anjurkan, supaya baiklah mereka tinggal dalam keadaan seperti aku.</verse>
<verse osisID="1Cor.7.9"> Tetapi kalau mereka tidak dapat menguasai diri, baiklah mereka kawin. Sebab lebih baik kawin dari pada hangus karena hawa nafsu.</verse>
<verse osisID="1Cor.7.10"> Kepada orang-orang yang telah kawin aku -- tidak, bukan aku, tetapi Tuhan -- perintahkan, supaya seorang isteri tidak boleh menceraikan suaminya.</verse>
<verse osisID="1Cor.7.11"> Dan jikalau ia bercerai, ia harus tetap hidup tanpa suami atau berdamai dengan suaminya. Dan seorang suami tidak boleh menceraikan isterinya.</verse>
<verse osisID="1Cor.7.12"> Kepada orang-orang lain aku, bukan Tuhan, katakan: kalau ada seorang saudara beristerikan seorang yang tidak beriman dan perempuan itu mau hidup bersama-sama dengan dia, janganlah saudara itu menceraikan dia.</verse>
<verse osisID="1Cor.7.13"> Dan kalau ada seorang isteri bersuamikan seorang yang tidak beriman dan laki-laki itu mau hidup bersama-sama dengan dia, janganlah ia menceraikan laki-laki itu.</verse>
<verse osisID="1Cor.7.14"> Karena suami yang tidak beriman itu dikuduskan oleh isterinya dan isteri yang tidak beriman itu dikuduskan oleh suaminya. Andaikata tidak demikian, niscaya anak-anakmu adalah anak cemar, tetapi sekarang mereka adalah anak-anak kudus.</verse>
<verse osisID="1Cor.7.15"> Tetapi kalau orang yang tidak beriman itu mau bercerai, biarlah ia bercerai; dalam hal yang demikian saudara atau saudari tidak terikat. Tetapi Allah memanggil kamu untuk hidup dalam damai sejahtera.</verse>
<verse osisID="1Cor.7.16"> Sebab bagaimanakah engkau mengetahui, hai isteri, apakah engkau tidak akan menyelamatkan suamimu? Atau bagaimanakah engkau mengetahui, hai suami, apakah engkau tidak akan menyelamatkan isterimu?</verse>
<verse osisID="1Cor.7.17"> Selanjutnya hendaklah tiap-tiap orang tetap hidup seperti yang telah ditentukan Tuhan baginya dan dalam keadaan seperti waktu ia dipanggil Allah. Inilah ketetapan yang kuberikan kepada semua jemaat.</verse>
<verse osisID="1Cor.7.18"> Kalau seorang dipanggil dalam keadaan bersunat, janganlah ia berusaha meniadakan tanda-tanda sunat itu. Dan kalau seorang dipanggil dalam keadaan tidak bersunat, janganlah ia mau bersunat.</verse>
<verse osisID="1Cor.7.19"> Sebab bersunat atau tidak bersunat tidak penting. Yang penting ialah mentaati hukum-hukum Allah.</verse>
<verse osisID="1Cor.7.20"> Baiklah tiap-tiap orang tinggal dalam keadaan, seperti waktu ia dipanggil Allah.</verse>
<verse osisID="1Cor.7.21"> Adakah engkau hamba waktu engkau dipanggil? Itu tidak apa-apa! Tetapi jikalau engkau mendapat kesempatan untuk dibebaskan, pergunakanlah kesempatan itu.</verse>
<verse osisID="1Cor.7.22"> Sebab seorang hamba yang dipanggil oleh Tuhan dalam pelayanan-Nya, adalah orang bebas, milik Tuhan. Demikian pula orang bebas yang dipanggil Kristus, adalah hamba-Nya.</verse>
<verse osisID="1Cor.7.23"> Kamu telah dibeli dan harganya telah lunas dibayar. Karena itu janganlah kamu menjadi hamba manusia.</verse>
<verse osisID="1Cor.7.24"> Saudara-saudara, hendaklah tiap-tiap orang tinggal di hadapan Allah dalam keadaan seperti pada waktu ia dipanggil.</verse>
<verse osisID="1Cor.7.25"> Sekarang tentang para gadis. Untuk mereka aku tidak mendapat perintah dari Tuhan. Tetapi aku memberikan pendapatku sebagai seorang yang dapat dipercayai karena rahmat yang diterimanya dari Allah.</verse>
<verse osisID="1Cor.7.26"> Aku berpendapat, bahwa, mengingat waktu darurat sekarang, adalah baik bagi manusia untuk tetap dalam keadaannya.</verse>
<verse osisID="1Cor.7.27"> Adakah engkau terikat pada seorang perempuan? Janganlah engkau mengusahakan perceraian! Adakah engkau tidak terikat pada seorang perempuan? Janganlah engkau mencari seorang!</verse>
<verse osisID="1Cor.7.28"> Tetapi, kalau engkau kawin, engkau tidak berdosa. Dan kalau seorang gadis kawin, ia tidak berbuat dosa. Tetapi orang-orang yang demikian akan ditimpa kesusahan badani dan aku mau menghindarkan kamu dari kesusahan itu.</verse>
<verse osisID="1Cor.7.29"> Saudara-saudara, inilah yang kumaksudkan, yaitu: waktu telah singkat! Karena itu dalam waktu yang masih sisa ini orang-orang yang beristeri harus berlaku seolah-olah mereka tidak beristeri;</verse>
<verse osisID="1Cor.7.30"> dan orang-orang yang menangis seolah-olah tidak menangis; dan orang-orang yang bergembira seolah-olah tidak bergembira; dan orang-orang yang membeli seolah-olah tidak memiliki apa yang mereka beli;</verse>
<verse osisID="1Cor.7.31"> pendeknya orang-orang yang mempergunakan barang-barang duniawi seolah-olah sama sekali tidak mempergunakannya. Sebab dunia seperti yang kita kenal sekarang akan berlalu.</verse>
<verse osisID="1Cor.7.32"> Aku ingin, supaya kamu hidup tanpa kekuatiran. Orang yang tidak beristeri memusatkan perhatiannya pada perkara Tuhan, bagaimana Tuhan berkenan kepadanya.</verse>
<verse osisID="1Cor.7.33"> Orang yang beristeri memusatkan perhatiannya pada perkara duniawi, bagaimana ia dapat menyenangkan isterinya,</verse>
<verse osisID="1Cor.7.34"> dan dengan demikian perhatiannya terbagi-bagi. Perempuan yang tidak bersuami dan anak-anak gadis memusatkan perhatian mereka pada perkara Tuhan, supaya tubuh dan jiwa mereka kudus. Tetapi perempuan yang bersuami memusatkan perhatiannya pada perkara duniawi, bagaimana ia dapat menyenangkan suaminya.</verse>
<verse osisID="1Cor.7.35"> Semuanya ini kukatakan untuk kepentingan kamu sendiri, bukan untuk menghalang-halangi kamu dalam kebebasan kamu, tetapi sebaliknya supaya kamu melakukan apa yang benar dan baik, dan melayani Tuhan tanpa gangguan.</verse>
<verse osisID="1Cor.7.36"> Tetapi jikalau seorang menyangka, bahwa ia tidak berlaku wajar terhadap gadisnya, jika gadisnya itu telah bertambah tua dan ia benar-benar merasa, bahwa mereka harus kawin, baiklah mereka kawin, kalau ia menghendakinya. Hal itu bukan dosa.</verse>
<verse osisID="1Cor.7.37"> Tetapi kalau ada seorang, yang tidak dipaksa untuk berbuat demikian, benar-benar yakin dalam hatinya dan benar-benar menguasai kemauannya, telah mengambil keputusan untuk tidak kawin dengan gadisnya, ia berbuat baik.</verse>
<verse osisID="1Cor.7.38"> Jadi orang yang kawin dengan gadisnya berbuat baik, dan orang yang tidak kawin dengan gadisnya berbuat lebih baik.</verse>
<verse osisID="1Cor.7.39"> Isteri terikat selama suaminya hidup. Kalau suaminya telah meninggal, ia bebas untuk kawin dengan siapa saja yang dikehendakinya, asal orang itu adalah seorang yang percaya.</verse>
<verse osisID="1Cor.7.40"> Tetapi menurut pendapatku, ia lebih berbahagia, kalau ia tetap tinggal dalam keadaannya. Dan aku berpendapat, bahwa aku juga mempunyai Roh Allah.</verse>
</chapter>
<chapter osisID="1Cor.8" chapterTitle="PASAL 8.">
<title type="chapter">PASAL 8.</title>
<verse osisID="1Cor.8.1"> Tentang daging persembahan berhala kita tahu: "kita semua mempunyai pengetahuan." Pengetahuan yang demikian membuat orang menjadi sombong, tetapi kasih membangun.</verse>
<verse osisID="1Cor.8.2"> Jika ada seorang menyangka, bahwa ia mempunyai sesuatu "pengetahuan", maka ia belum juga mencapai pengetahuan, sebagaimana yang harus dicapainya.</verse>
<verse osisID="1Cor.8.3"> Tetapi orang yang mengasihi Allah, ia dikenal oleh Allah.</verse>
<verse osisID="1Cor.8.4"> Tentang hal makan daging persembahan berhala kita tahu: "tidak ada berhala di dunia dan tidak ada Allah lain dari pada Allah yang esa."</verse>
<verse osisID="1Cor.8.5"> Sebab sungguhpun ada apa yang disebut "allah", baik di sorga, maupun di bumi -- dan memang benar ada banyak "allah" dan banyak "tuhan" yang demikian --</verse>
<verse osisID="1Cor.8.6"> namun bagi kita hanya ada satu Allah saja, yaitu Bapa, yang dari pada-Nya berasal segala sesuatu dan yang untuk Dia kita hidup, dan satu Tuhan saja, yaitu Yesus Kristus, yang oleh-Nya segala sesuatu telah dijadikan dan yang karena Dia kita hidup.</verse>
<verse osisID="1Cor.8.7"> Tetapi bukan semua orang yang mempunyai pengetahuan itu. Ada orang, yang karena masih terus terikat pada berhala-berhala, makan daging itu sebagai daging persembahan berhala. Dan oleh karena hati nurani mereka lemah, hati nurani mereka itu dinodai olehnya.</verse>
<verse osisID="1Cor.8.8"> "Makanan tidak membawa kita lebih dekat kepada Allah. Kita tidak rugi apa-apa, kalau tidak kita makan dan kita tidak untung apa-apa, kalau kita makan."</verse>
<verse osisID="1Cor.8.9"> Tetapi jagalah, supaya kebebasanmu ini jangan menjadi batu sandungan bagi mereka yang lemah.</verse>
<verse osisID="1Cor.8.10"> Karena apabila orang melihat engkau yang mempunyai "pengetahuan", sedang duduk makan di dalam kuil berhala, bukankah orang yang lemah hati nuraninya itu dikuatkan untuk makan daging persembahan berhala?</verse>
<verse osisID="1Cor.8.11"> Dengan jalan demikian orang yang lemah, yaitu saudaramu, yang untuknya Kristus telah mati, menjadi binasa karena "pengetahuan"mu.</verse>
<verse osisID="1Cor.8.12"> Jika engkau secara demikian berdosa terhadap saudara-saudaramu dan melukai hati nurani mereka yang lemah, engkau pada hakekatnya berdosa terhadap Kristus.</verse>
<verse osisID="1Cor.8.13"> Karena itu apabila makanan menjadi batu sandungan bagi saudaraku, aku untuk selama-lamanya tidak akan mau makan daging lagi, supaya aku jangan menjadi batu sandungan bagi saudaraku.</verse>
</chapter>
<chapter osisID="1Cor.9" chapterTitle="PASAL 9.">
<title type="chapter">PASAL 9.</title>
<verse osisID="1Cor.9.1"> Bukankah aku rasul? Bukankah aku orang bebas? Bukankah aku telah melihat Yesus, Tuhan kita? Bukankah kamu adalah buah pekerjaanku dalam Tuhan?</verse>
<verse osisID="1Cor.9.2"> Sekalipun bagi orang lain aku bukanlah rasul, tetapi bagi kamu aku adalah rasul. Sebab hidupmu dalam Tuhan adalah meterai dari kerasulanku.</verse>
<verse osisID="1Cor.9.3"> Inilah pembelaanku terhadap mereka yang mengeritik aku.</verse>
<verse osisID="1Cor.9.4"> Tidakkah kami mempunyai hak untuk makan dan minum?</verse>
<verse osisID="1Cor.9.5"> Tidakkah kami mempunyai hak untuk membawa seorang isteri Kristen, dalam perjalanan kami, seperti yang dilakukan rasul-rasul lain dan saudara-saudara Tuhan dan Kefas?</verse>
<verse osisID="1Cor.9.6"> Atau hanya aku dan Barnabas sajakah yang tidak mempunyai hak untuk dibebaskan dari pekerjaan tangan?</verse>
<verse osisID="1Cor.9.7"> Siapakah yang pernah turut dalam peperangan atas biayanya sendiri? Siapakah yang menanami kebun anggur dan tidak memakan buahnya? Atau siapakah yang menggembalakan kawanan domba dan yang tidak minum susu domba itu?</verse>
<verse osisID="1Cor.9.8"> Apa yang kukatakan ini bukanlah hanya pikiran manusia saja. Bukankah hukum Taurat juga berkata-kata demikian?</verse>
<verse osisID="1Cor.9.9"> Sebab dalam hukum Musa ada tertulis: "Janganlah engkau memberangus mulut lembu yang sedang mengirik!" Lembukah yang Allah perhatikan?</verse>
<verse osisID="1Cor.9.10"> Atau kitakah yang Ia maksudkan? Ya, untuk kitalah hal ini ditulis, yaitu pembajak harus membajak dalam pengharapan dan pengirik harus mengirik dalam pengharapan untuk memperoleh bagiannya.</verse>
<verse osisID="1Cor.9.11"> Jadi, jika kami telah menaburkan benih rohani bagi kamu, berlebih-lebihankah, kalau kami menuai hasil duniawi dari pada kamu?</verse>
<verse osisID="1Cor.9.12"> Kalau orang lain mempunyai hak untuk mengharapkan hal itu dari pada kamu, bukankah kami mempunyai hak yang lebih besar? Tetapi kami tidak mempergunakan hak itu. Sebaliknya, kami menanggung segala sesuatu, supaya jangan kami mengadakan rintangan bagi pemberitaan Injil Kristus.</verse>
<verse osisID="1Cor.9.13"> Tidak tahukah kamu, bahwa mereka yang melayani dalam tempat kudus mendapat penghidupannya dari tempat kudus itu dan bahwa mereka yang melayani mezbah, mendapat bahagian mereka dari mezbah itu?</verse>
<verse osisID="1Cor.9.14"> Demikian pula Tuhan telah menetapkan, bahwa mereka yang memberitakan Injil, harus hidup dari pemberitaan Injil itu.</verse>
<verse osisID="1Cor.9.15"> Tetapi aku tidak pernah mempergunakan satu pun dari hak-hak itu. Aku tidak menulis semuanya ini, supaya aku pun diperlakukan juga demikian. Sebab aku lebih suka mati dari pada ...! Sungguh, kemegahanku tidak dapat ditiadakan siapa pun juga!</verse>
<verse osisID="1Cor.9.16"> Karena jika aku memberitakan Injil, aku tidak mempunyai alasan untuk memegahkan diri. Sebab itu adalah keharusan bagiku. Celakalah aku, jika aku tidak memberitakan Injil.</verse>
<verse osisID="1Cor.9.17"> Kalau andaikata aku melakukannya menurut kehendakku sendiri, memang aku berhak menerima upah. Tetapi karena aku melakukannya bukan menurut kehendakku sendiri, pemberitaan itu adalah tugas penyelenggaraan yang ditanggungkan kepadaku.</verse>
<verse osisID="1Cor.9.18"> Kalau demikian apakah upahku? Upahku ialah ini: bahwa aku boleh memberitakan Injil tanpa upah, dan bahwa aku tidak mempergunakan hakku sebagai pemberita Injil.</verse>
<verse osisID="1Cor.9.19"> Sungguhpun aku bebas terhadap semua orang, aku menjadikan diriku hamba dari semua orang, supaya aku boleh memenangkan sebanyak mungkin orang.</verse>
<verse osisID="1Cor.9.20"> Demikianlah bagi orang Yahudi aku menjadi seperti orang Yahudi, supaya aku memenangkan orang-orang Yahudi. Bagi orang-orang yang hidup di bawah hukum Taurat aku menjadi seperti orang yang hidup di bawah hukum Taurat, sekalipun aku sendiri tidak hidup di bawah hukum Taurat, supaya aku dapat memenangkan mereka yang hidup di bawah hukum Taurat.</verse>
<verse osisID="1Cor.9.21"> Bagi orang-orang yang tidak hidup di bawah hukum Taurat aku menjadi seperti orang yang tidak hidup di bawah hukum Taurat, sekalipun aku tidak hidup di luar hukum Allah, karena aku hidup di bawah hukum Kristus, supaya aku dapat memenangkan mereka yang tidak hidup di bawah hukum Taurat.</verse>
<verse osisID="1Cor.9.22"> Bagi orang-orang yang lemah aku menjadi seperti orang yang lemah, supaya aku dapat menyelamatkan mereka yang lemah. Bagi semua orang aku telah menjadi segala-galanya, supaya aku sedapat mungkin memenangkan beberapa orang dari antara mereka.</verse>
<verse osisID="1Cor.9.23"> Segala sesuatu ini aku lakukan karena Injil, supaya aku mendapat bagian dalamnya.</verse>
<verse osisID="1Cor.9.24"> Tidak tahukah kamu, bahwa dalam gelanggang pertandingan semua peserta turut berlari, tetapi bahwa hanya satu orang saja yang mendapat hadiah? Karena itu larilah begitu rupa, sehingga kamu memperolehnya!</verse>
<verse osisID="1Cor.9.25"> Tiap-tiap orang yang turut mengambil bagian dalam pertandingan, menguasai dirinya dalam segala hal. Mereka berbuat demikian untuk memperoleh suatu mahkota yang fana, tetapi kita untuk memperoleh suatu mahkota yang abadi.</verse>
<verse osisID="1Cor.9.26"> Sebab itu aku tidak berlari tanpa tujuan dan aku bukan petinju yang sembarangan saja memukul.</verse>
<verse osisID="1Cor.9.27"> Tetapi aku melatih tubuhku dan menguasainya seluruhnya, supaya sesudah memberitakan Injil kepada orang lain, jangan aku sendiri ditolak.</verse>
</chapter>
<chapter osisID="1Cor.10" chapterTitle="PASAL 10.">
<title type="chapter">PASAL 10.</title>
<verse osisID="1Cor.10.1"> Aku mau, supaya kamu mengetahui, saudara-saudara, bahwa nenek moyang kita semua berada di bawah perlindungan awan dan bahwa mereka semua telah melintasi laut.</verse>
<verse osisID="1Cor.10.2"> Untuk menjadi pengikut Musa mereka semua telah dibaptis dalam awan dan dalam laut.</verse>
<verse osisID="1Cor.10.3"> Mereka semua makan makanan rohani yang sama</verse>
<verse osisID="1Cor.10.4"> dan mereka semua minum minuman rohani yang sama, sebab mereka minum dari batu karang rohani yang mengikuti mereka, dan batu karang itu ialah Kristus.</verse>
<verse osisID="1Cor.10.5"> Tetapi sungguhpun demikian Allah tidak berkenan kepada bagian yang terbesar dari mereka, karena mereka ditewaskan di padang gurun.</verse>
<verse osisID="1Cor.10.6"> Semuanya ini telah terjadi sebagai contoh bagi kita untuk memperingatkan kita, supaya jangan kita menginginkan hal-hal yang jahat seperti yang telah mereka perbuat,</verse>
<verse osisID="1Cor.10.7"> dan supaya jangan kita menjadi penyembah-penyembah berhala, sama seperti beberapa orang dari mereka, seperti ada tertulis: "Maka duduklah bangsa itu untuk makan dan minum; kemudian bangunlah mereka dan bersukaria."</verse>
<verse osisID="1Cor.10.8"> Janganlah kita melakukan percabulan, seperti yang dilakukan oleh beberapa orang dari mereka, sehingga pada satu hari telah tewas dua puluh tiga ribu orang.</verse>
<verse osisID="1Cor.10.9"> Dan janganlah kita mencobai Tuhan, seperti yang dilakukan oleh beberapa orang dari mereka, sehingga mereka mati dipagut ular.</verse>
<verse osisID="1Cor.10.10"> Dan janganlah bersungut-sungut, seperti yang dilakukan oleh beberapa orang dari mereka, sehingga mereka dibinasakan oleh malaikat maut.</verse>
<verse osisID="1Cor.10.11"> Semuanya ini telah menimpa mereka sebagai contoh dan dituliskan untuk menjadi peringatan bagi kita yang hidup pada waktu, di mana zaman akhir telah tiba.</verse>
<verse osisID="1Cor.10.12"> Sebab itu siapa yang menyangka, bahwa ia teguh berdiri, hati-hatilah supaya ia jangan jatuh!</verse>
<verse osisID="1Cor.10.13"> Pencobaan-pencobaan yang kamu alami ialah pencobaan-pencobaan biasa, yang tidak melebihi kekuatan manusia. Sebab Allah setia dan karena itu Ia tidak akan membiarkan kamu dicobai melampaui kekuatanmu. Pada waktu kamu dicobai Ia akan memberikan kepadamu jalan ke luar, sehingga kamu dapat menanggungnya.</verse>
<verse osisID="1Cor.10.14"> Karena itu, saudara-saudaraku yang kekasih, jauhilah penyembahan berhala!</verse>
<verse osisID="1Cor.10.15"> Aku berbicara kepadamu sebagai orang-orang yang bijaksana. Pertimbangkanlah sendiri apa yang aku katakan!</verse>
<verse osisID="1Cor.10.16"> Bukankah cawan pengucapan syukur, yang atasnya kita ucapkan syukur, adalah persekutuan dengan darah Kristus? Bukankah roti yang kita pecah-pecahkan adalah persekutuan dengan tubuh Kristus?</verse>
<verse osisID="1Cor.10.17"> Karena roti adalah satu, maka kita, sekalipun banyak, adalah satu tubuh, karena kita semua mendapat bagian dalam roti yang satu itu.</verse>
<verse osisID="1Cor.10.18"> Perhatikanlah bangsa Israel menurut daging: bukankah mereka yang makan apa yang dipersembahkan mendapat bagian dalam pelayanan mezbah?</verse>
<verse osisID="1Cor.10.19"> Apakah yang kumaksudkan dengan perkataan itu? Bahwa persembahan berhala adalah sesuatu? Atau bahwa berhala adalah sesuatu?</verse>
<verse osisID="1Cor.10.20"> Bukan! Apa yang kumaksudkan ialah, bahwa persembahan mereka adalah persembahan kepada roh-roh jahat, bukan kepada Allah. Dan aku tidak mau, bahwa kamu bersekutu dengan roh-roh jahat.</verse>
<verse osisID="1Cor.10.21"> Kamu tidak dapat minum dari cawan Tuhan dan juga dari cawan roh-roh jahat. Kamu tidak dapat mendapat bagian dalam perjamuan Tuhan dan juga dalam perjamuan roh-roh jahat.</verse>
<verse osisID="1Cor.10.22"> Atau maukah kita membangkitkan cemburu Tuhan? Apakah kita lebih kuat dari pada Dia?</verse>
<verse osisID="1Cor.10.23"> "Segala sesuatu diperbolehkan." Benar, tetapi bukan segala sesuatu berguna. "Segala sesuatu diperbolehkan." Benar, tetapi bukan segala sesuatu membangun.</verse>
<verse osisID="1Cor.10.24"> Jangan seorang pun yang mencari keuntungannya sendiri, tetapi hendaklah tiap-tiap orang mencari keuntungan orang lain.</verse>
<verse osisID="1Cor.10.25"> Kamu boleh makan segala sesuatu yang dijual di pasar daging, tanpa mengadakan pemeriksaan karena keberatan-keberatan hati nurani.</verse>
<verse osisID="1Cor.10.26"> Karena: "bumi serta segala isinya adalah milik Tuhan."</verse>
<verse osisID="1Cor.10.27"> Kalau kamu diundang makan oleh seorang yang tidak percaya, dan undangan itu kamu terima, makanlah apa saja yang dihidangkan kepadamu, tanpa mengadakan pemeriksaan karena keberatan-keberatan hati nurani.</verse>
<verse osisID="1Cor.10.28"> Tetapi kalau seorang berkata kepadamu: "Itu persembahan berhala!" janganlah engkau memakannya, oleh karena dia yang mengatakan hal itu kepadamu dan karena keberatan-keberatan hati nurani.</verse>
<verse osisID="1Cor.10.29"> Yang aku maksudkan dengan keberatan-keberatan bukanlah keberatan-keberatan hati nuranimu sendiri, tetapi keberatan-keberatan hati nurani orang lain itu. Mungkin ada orang yang berkata: "Mengapa kebebasanku harus ditentukan oleh keberatan-keberatan hati nurani orang lain?</verse>
<verse osisID="1Cor.10.30"> Kalau aku mengucap syukur atas apa yang aku turut memakannya, mengapa orang berkata jahat tentang aku karena makanan, yang atasnya aku mengucap syukur?"</verse>
<verse osisID="1Cor.10.31"> Aku menjawab: Jika engkau makan atau jika engkau minum, atau jika engkau melakukan sesuatu yang lain, lakukanlah semuanya itu untuk kemuliaan Allah.</verse>
<verse osisID="1Cor.10.32"> Janganlah kamu menimbulkan syak dalam hati orang, baik orang Yahudi atau orang Yunani, maupun Jemaat Allah.</verse>
<verse osisID="1Cor.10.33"> Sama seperti aku juga berusaha menyenangkan hati semua orang dalam segala hal, bukan untuk kepentingan diriku, tetapi untuk kepentingan orang banyak, supaya mereka beroleh selamat.</verse>
</chapter>
<chapter osisID="1Cor.11" chapterTitle="PASAL 11.">
<title type="chapter">PASAL 11.</title>
<verse osisID="1Cor.11.1"> Jadilah pengikutku, sama seperti aku juga menjadi pengikut Kristus.</verse>
<verse osisID="1Cor.11.2"> Aku harus memuji kamu, sebab dalam segala sesuatu kamu tetap mengingat akan aku dan teguh berpegang pada ajaran yang kuteruskan kepadamu.</verse>
<verse osisID="1Cor.11.3"> Tetapi aku mau, supaya kamu mengetahui hal ini, yaitu Kepala dari tiap-tiap laki-laki ialah Kristus, kepala dari perempuan ialah laki-laki dan Kepala dari Kristus ialah Allah.</verse>
<verse osisID="1Cor.11.4"> Tiap-tiap laki-laki yang berdoa atau bernubuat dengan kepala yang bertudung, menghina kepalanya.</verse>
<verse osisID="1Cor.11.5"> Tetapi tiap-tiap perempuan yang berdoa atau bernubuat dengan kepala yang tidak bertudung, menghina kepalanya, sebab ia sama dengan perempuan yang dicukur rambutnya.</verse>
<verse osisID="1Cor.11.6"> Sebab jika perempuan tidak mau menudungi kepalanya, maka haruslah ia juga menggunting rambutnya. Tetapi jika bagi perempuan adalah penghinaan, bahwa rambutnya digunting atau dicukur, maka haruslah ia menudungi kepalanya.</verse>
<verse osisID="1Cor.11.7"> Sebab laki-laki tidak perlu menudungi kepalanya: ia menyinarkan gambaran dan kemuliaan Allah. Tetapi perempuan menyinarkan kemuliaan laki-laki.</verse>
<verse osisID="1Cor.11.8"> Sebab laki-laki tidak berasal dari perempuan, tetapi perempuan berasal dari laki-laki.</verse>
<verse osisID="1Cor.11.9"> Dan laki-laki tidak diciptakan karena perempuan, tetapi perempuan diciptakan karena laki-laki.</verse>
<verse osisID="1Cor.11.10"> Sebab itu, perempuan harus memakai tanda wibawa di kepalanya oleh karena para malaikat.</verse>
<verse osisID="1Cor.11.11"> Namun demikian, dalam Tuhan tidak ada perempuan tanpa laki-laki dan tidak ada laki-laki tanpa perempuan.</verse>
<verse osisID="1Cor.11.12"> Sebab sama seperti perempuan berasal dari laki-laki, demikian pula laki-laki dilahirkan oleh perempuan; dan segala sesuatu berasal dari Allah.</verse>
<verse osisID="1Cor.11.13"> Pertimbangkanlah sendiri: Patutkah perempuan berdoa kepada Allah dengan kepala yang tidak bertudung?</verse>
<verse osisID="1Cor.11.14"> Bukankah alam sendiri menyatakan kepadamu, bahwa adalah kehinaan bagi laki-laki, jika ia berambut panjang,</verse>
<verse osisID="1Cor.11.15"> tetapi bahwa adalah kehormatan bagi perempuan, jika ia berambut panjang? Sebab rambut diberikan kepada perempuan untuk menjadi penudung.</verse>
<verse osisID="1Cor.11.16"> Tetapi jika ada orang yang mau membantah, kami maupun Jemaat-jemaat Allah tidak mempunyai kebiasaan yang demikian.</verse>
<verse osisID="1Cor.11.17"> Dalam peraturan-peraturan yang berikut aku tidak dapat memuji kamu, sebab pertemuan-pertemuanmu tidak mendatangkan kebaikan, tetapi mendatangkan keburukan.</verse>
<verse osisID="1Cor.11.18"> Sebab pertama-tama aku mendengar, bahwa apabila kamu berkumpul sebagai Jemaat, ada perpecahan di antara kamu, dan hal itu sedikit banyak aku percaya.</verse>
<verse osisID="1Cor.11.19"> Sebab di antara kamu harus ada perpecahan, supaya nyata nanti siapakah di antara kamu yang tahan uji.</verse>
<verse osisID="1Cor.11.20"> Apabila kamu berkumpul, kamu bukanlah berkumpul untuk makan perjamuan Tuhan.</verse>
<verse osisID="1Cor.11.21"> Sebab pada perjamuan itu tiap-tiap orang memakan dahulu makanannya sendiri, sehingga yang seorang lapar dan yang lain mabuk.</verse>
<verse osisID="1Cor.11.22"> Apakah kamu tidak mempunyai rumah sendiri untuk makan dan minum? Atau maukah kamu menghinakan Jemaat Allah dan memalukan orang-orang yang tidak mempunyai apa-apa? Apakah yang kukatakan kepada kamu? Memuji kamu? Dalam hal ini aku tidak memuji.</verse>
<verse osisID="1Cor.11.23"> Sebab apa yang telah kuteruskan kepadamu, telah aku terima dari Tuhan, yaitu bahwa Tuhan Yesus, pada malam waktu Ia diserahkan, mengambil roti</verse>
<verse osisID="1Cor.11.24"> dan sesudah itu Ia mengucap syukur atasnya; Ia memecah-mecahkannya dan berkata: "Inilah tubuh-Ku, yang diserahkan bagi kamu; perbuatlah ini menjadi peringatan akan Aku!"</verse>
<verse osisID="1Cor.11.25"> Demikian juga Ia mengambil cawan, sesudah makan, lalu berkata: "Cawan ini adalah perjanjian baru yang dimeteraikan oleh darah-Ku; perbuatlah ini, setiap kali kamu meminumnya, menjadi peringatan akan Aku!"</verse>
<verse osisID="1Cor.11.26"> Sebab setiap kali kamu makan roti ini dan minum cawan ini, kamu memberitakan kematian Tuhan sampai Ia datang.</verse>
<verse osisID="1Cor.11.27"> Jadi barangsiapa dengan cara yang tidak layak makan roti atau minum cawan Tuhan, ia berdosa terhadap tubuh dan darah Tuhan.</verse>
<verse osisID="1Cor.11.28"> Karena itu hendaklah tiap-tiap orang menguji dirinya sendiri dan baru sesudah itu ia makan roti dan minum dari cawan itu.</verse>
<verse osisID="1Cor.11.29"> Karena barangsiapa makan dan minum tanpa mengakui tubuh Tuhan, ia mendatangkan hukuman atas dirinya.</verse>
<verse osisID="1Cor.11.30"> Sebab itu banyak di antara kamu yang lemah dan sakit, dan tidak sedikit yang meninggal.</verse>
<verse osisID="1Cor.11.31"> Kalau kita menguji diri kita sendiri, hukuman tidak menimpa kita.</verse>
<verse osisID="1Cor.11.32"> Tetapi kalau kita menerima hukuman dari Tuhan, kita dididik, supaya kita tidak akan dihukum bersama-sama dengan dunia.</verse>
<verse osisID="1Cor.11.33"> Karena itu, saudara-saudaraku, jika kamu berkumpul untuk makan, nantikanlah olehmu seorang akan yang lain.</verse>
<verse osisID="1Cor.11.34"> Kalau ada orang yang lapar, baiklah ia makan dahulu di rumahnya, supaya jangan kamu berkumpul untuk dihukum. Hal-hal yang lain akan kuatur, kalau aku datang.</verse>
</chapter>
<chapter osisID="1Cor.12" chapterTitle="PASAL 12.">
<title type="chapter">PASAL 12.</title>
<verse osisID="1Cor.12.1"> Sekarang tentang karunia-karunia Roh. Aku mau, saudara-saudara, supaya kamu mengetahui kebenarannya.</verse>
<verse osisID="1Cor.12.2"> Kamu tahu, bahwa pada waktu kamu masih belum mengenal Allah, kamu tanpa berpikir ditarik kepada berhala-berhala yang bisu.</verse>
<verse osisID="1Cor.12.3"> Karena itu aku mau meyakinkan kamu, bahwa tidak ada seorang pun yang berkata-kata oleh Roh Allah, dapat berkata: "Terkutuklah Yesus!" dan tidak ada seorang pun, yang dapat mengaku: "Yesus adalah Tuhan", selain oleh Roh Kudus.</verse>
<verse osisID="1Cor.12.4"> Ada rupa-rupa karunia, tetapi satu Roh.</verse>
<verse osisID="1Cor.12.5"> Dan ada rupa-rupa pelayanan, tetapi satu Tuhan.</verse>
<verse osisID="1Cor.12.6"> Dan ada berbagai-bagai perbuatan ajaib, tetapi Allah adalah satu yang mengerjakan semuanya dalam semua orang.</verse>
<verse osisID="1Cor.12.7"> Tetapi kepada tiap-tiap orang dikaruniakan penyataan Roh untuk kepentingan bersama.</verse>
<verse osisID="1Cor.12.8"> Sebab kepada yang seorang Roh memberikan karunia untuk berkata-kata dengan hikmat, dan kepada yang lain Roh yang sama memberikan karunia berkata-kata dengan pengetahuan.</verse>
<verse osisID="1Cor.12.9"> Kepada yang seorang Roh yang sama memberikan iman, dan kepada yang lain Ia memberikan karunia untuk menyembuhkan.</verse>
<verse osisID="1Cor.12.10"> Kepada yang seorang Roh memberikan kuasa untuk mengadakan mujizat, dan kepada yang lain Ia memberikan karunia untuk bernubuat, dan kepada yang lain lagi Ia memberikan karunia untuk membedakan bermacam-macam roh. Kepada yang seorang Ia memberikan karunia untuk berkata-kata dengan bahasa roh, dan kepada yang lain Ia memberikan karunia untuk menafsirkan bahasa roh itu.</verse>
<verse osisID="1Cor.12.11"> Tetapi semuanya ini dikerjakan oleh Roh yang satu dan yang sama, yang memberikan karunia kepada tiap-tiap orang secara khusus, seperti yang dikehendaki-Nya.</verse>
<verse osisID="1Cor.12.12"> Karena sama seperti tubuh itu satu dan anggota-anggotanya banyak, dan segala anggota itu, sekalipun banyak, merupakan satu tubuh, demikian pula Kristus.</verse>
<verse osisID="1Cor.12.13"> Sebab dalam satu Roh kita semua, baik orang Yahudi, maupun orang Yunani, baik budak, maupun orang merdeka, telah dibaptis menjadi satu tubuh dan kita semua diberi minum dari satu Roh.</verse>
<verse osisID="1Cor.12.14"> Karena tubuh juga tidak terdiri dari satu anggota, tetapi atas banyak anggota.</verse>
<verse osisID="1Cor.12.15"> Andaikata kaki berkata: "Karena aku bukan tangan, aku tidak termasuk tubuh", jadi benarkah ia tidak termasuk tubuh?</verse>
<verse osisID="1Cor.12.16"> Dan andaikata telinga berkata: "Karena aku bukan mata, aku tidak termasuk tubuh", jadi benarkah ia tidak termasuk tubuh?</verse>
<verse osisID="1Cor.12.17"> Andaikata tubuh seluruhnya adalah mata, di manakah pendengaran? Andaikata seluruhnya adalah telinga, di manakah penciuman?</verse>
<verse osisID="1Cor.12.18"> Tetapi Allah telah memberikan kepada anggota, masing-masing secara khusus, suatu tempat pada tubuh, seperti yang dikehendaki-Nya.</verse>
<verse osisID="1Cor.12.19"> Andaikata semuanya adalah satu anggota, di manakah tubuh?</verse>
<verse osisID="1Cor.12.20"> Memang ada banyak anggota, tetapi hanya satu tubuh.</verse>
<verse osisID="1Cor.12.21"> Jadi mata tidak dapat berkata kepada tangan: "Aku tidak membutuhkan engkau." Dan kepala tidak dapat berkata kepada kaki: "Aku tidak membutuhkan engkau."</verse>
<verse osisID="1Cor.12.22"> Malahan justru anggota-anggota tubuh yang nampaknya paling lemah, yang paling dibutuhkan.</verse>
<verse osisID="1Cor.12.23"> Dan kepada anggota-anggota tubuh yang menurut pemandangan kita kurang terhormat, kita berikan penghormatan khusus. Dan terhadap anggota-anggota kita yang tidak elok, kita berikan perhatian khusus.</verse>
<verse osisID="1Cor.12.24"> Hal itu tidak dibutuhkan oleh anggota-anggota kita yang elok. Allah telah menyusun tubuh kita begitu rupa, sehingga kepada anggota-anggota yang tidak mulia diberikan penghormatan khusus,</verse>
<verse osisID="1Cor.12.25"> supaya jangan terjadi perpecahan dalam tubuh, tetapi supaya anggota-anggota yang berbeda itu saling memperhatikan.</verse>
<verse osisID="1Cor.12.26"> Karena itu jika satu anggota menderita, semua anggota turut menderita; jika satu anggota dihormati, semua anggota turut bersukacita.</verse>
<verse osisID="1Cor.12.27"> Kamu semua adalah tubuh Kristus dan kamu masing-masing adalah anggotanya.</verse>
<verse osisID="1Cor.12.28"> Dan Allah telah menetapkan beberapa orang dalam Jemaat: pertama sebagai rasul, kedua sebagai nabi, ketiga sebagai pengajar. Selanjutnya mereka yang mendapat karunia untuk mengadakan mujizat, untuk menyembuhkan, untuk melayani, untuk memimpin, dan untuk berkata-kata dalam bahasa roh.</verse>
<verse osisID="1Cor.12.29"> Adakah mereka semua rasul, atau nabi, atau pengajar? Adakah mereka semua mendapat karunia untuk mengadakan mujizat,</verse>
<verse osisID="1Cor.12.30"> atau untuk menyembuhkan, atau untuk berkata-kata dalam bahasa roh, atau untuk menafsirkan bahasa roh?</verse>
<verse osisID="1Cor.12.31"> Jadi berusahalah untuk memperoleh karunia-karunia yang paling utama. Dan aku menunjukkan kepadamu jalan yang lebih utama lagi.</verse>
</chapter>
<chapter osisID="1Cor.13" chapterTitle="PASAL 13.">
<title type="chapter">PASAL 13.</title>
<verse osisID="1Cor.13.1"> Sekalipun aku dapat berkata-kata dengan semua bahasa manusia dan bahasa malaikat, tetapi jika aku tidak mempunyai kasih, aku sama dengan gong yang berkumandang dan canang yang gemerincing.</verse>
<verse osisID="1Cor.13.2"> Sekalipun aku mempunyai karunia untuk bernubuat dan aku mengetahui segala rahasia dan memiliki seluruh pengetahuan; dan sekalipun aku memiliki iman yang sempurna untuk memindahkan gunung, tetapi jika aku tidak mempunyai kasih, aku sama sekali tidak berguna.</verse>
<verse osisID="1Cor.13.3"> Dan sekalipun aku membagi-bagikan segala sesuatu yang ada padaku, bahkan menyerahkan tubuhku untuk dibakar, tetapi jika aku tidak mempunyai kasih, sedikit pun tidak ada faedahnya bagiku.</verse>
<verse osisID="1Cor.13.4"> Kasih itu sabar; kasih itu murah hati; ia tidak cemburu. Ia tidak memegahkan diri dan tidak sombong.</verse>
<verse osisID="1Cor.13.5"> Ia tidak melakukan yang tidak sopan dan tidak mencari keuntungan diri sendiri. Ia tidak pemarah dan tidak menyimpan kesalahan orang lain.</verse>
<verse osisID="1Cor.13.6"> Ia tidak bersukacita karena ketidakadilan, tetapi karena kebenaran.</verse>
<verse osisID="1Cor.13.7"> Ia menutupi segala sesuatu, percaya segala sesuatu, mengharapkan segala sesuatu, sabar menanggung segala sesuatu.</verse>
<verse osisID="1Cor.13.8"> Kasih tidak berkesudahan; nubuat akan berakhir; bahasa roh akan berhenti; pengetahuan akan lenyap.</verse>
<verse osisID="1Cor.13.9"> Sebab pengetahuan kita tidak lengkap dan nubuat kita tidak sempurna.</verse>
<verse osisID="1Cor.13.10"> Tetapi jika yang sempurna tiba, maka yang tidak sempurna itu akan lenyap.</verse>
<verse osisID="1Cor.13.11"> Ketika aku kanak-kanak, aku berkata-kata seperti kanak-kanak, aku merasa seperti kanak-kanak, aku berpikir seperti kanak-kanak. Sekarang sesudah aku menjadi dewasa, aku meninggalkan sifat kanak-kanak itu.</verse>
<verse osisID="1Cor.13.12"> Karena sekarang kita melihat dalam cermin suatu gambaran yang samar-samar, tetapi nanti kita akan melihat muka dengan muka. Sekarang aku hanya mengenal dengan tidak sempurna, tetapi nanti aku akan mengenal dengan sempurna, seperti aku sendiri dikenal.</verse>
<verse osisID="1Cor.13.13"> Demikianlah tinggal ketiga hal ini, yaitu iman, pengharapan dan kasih, dan yang paling besar di antaranya ialah kasih.</verse>
</chapter>
<chapter osisID="1Cor.14" chapterTitle="PASAL 14.">
<title type="chapter">PASAL 14.</title>
<verse osisID="1Cor.14.1"> Kejarlah kasih itu dan usahakanlah dirimu memperoleh karunia-karunia Roh, terutama karunia untuk bernubuat.</verse>
<verse osisID="1Cor.14.2"> Siapa yang berkata-kata dengan bahasa roh, tidak berkata-kata kepada manusia, tetapi kepada Allah. Sebab tidak ada seorang pun yang mengerti bahasanya; oleh Roh ia mengucapkan hal-hal yang rahasia.</verse>
<verse osisID="1Cor.14.3"> Tetapi siapa yang bernubuat, ia berkata-kata kepada manusia, ia membangun, menasihati dan menghibur.</verse>
<verse osisID="1Cor.14.4"> Siapa yang berkata-kata dengan bahasa roh, ia membangun dirinya sendiri, tetapi siapa yang bernubuat, ia membangun Jemaat.</verse>
<verse osisID="1Cor.14.5"> Aku suka, supaya kamu semua berkata-kata dengan bahasa roh, tetapi lebih dari pada itu, supaya kamu bernubuat. Sebab orang yang bernubuat lebih berharga dari pada orang yang berkata-kata dengan bahasa roh, kecuali kalau orang itu juga menafsirkannya, sehingga Jemaat dapat dibangun.</verse>
<verse osisID="1Cor.14.6"> Jadi, saudara-saudara, jika aku datang kepadamu dan berkata-kata dengan bahasa roh, apakah gunanya itu bagimu, jika aku tidak menyampaikan kepadamu penyataan Allah atau pengetahuan atau nubuat atau pengajaran?</verse>
<verse osisID="1Cor.14.7"> Sama halnya dengan alat-alat yang tidak berjiwa, tetapi yang berbunyi, seperti seruling dan kecapi -- bagaimanakah orang dapat mengetahui lagu apakah yang dimainkan seruling atau kecapi, kalau keduanya tidak mengeluarkan bunyi yang berbeda?</verse>
<verse osisID="1Cor.14.8"> Atau, jika nafiri tidak mengeluarkan bunyi yang terang, siapakah yang menyiapkan diri untuk berperang?</verse>
<verse osisID="1Cor.14.9"> Demikianlah juga kamu yang berkata-kata dengan bahasa roh: jika kamu tidak mempergunakan kata-kata yang jelas, bagaimanakah orang dapat mengerti apa yang kamu katakan? Kata-katamu sia-sia saja kamu ucapkan di udara!</verse>
<verse osisID="1Cor.14.10"> Ada banyak -- entah berapa banyak -- macam bahasa di dunia; sekalipun demikian tidak ada satu pun di antaranya yang mempunyai bunyi yang tidak berarti.</verse>
<verse osisID="1Cor.14.11"> Tetapi jika aku tidak mengetahui arti bahasa itu, aku menjadi orang asing bagi dia yang mempergunakannya dan dia orang asing bagiku.</verse>
<verse osisID="1Cor.14.12"> Demikian pula dengan kamu: Kamu memang berusaha untuk memperoleh karunia-karunia Roh, tetapi lebih dari pada itu hendaklah kamu berusaha mempergunakannya untuk membangun Jemaat.</verse>
<verse osisID="1Cor.14.13"> Karena itu siapa yang berkata-kata dengan bahasa roh, ia harus berdoa, supaya kepadanya diberikan juga karunia untuk menafsirkannya.</verse>
<verse osisID="1Cor.14.14"> Sebab jika aku berdoa dengan bahasa roh, maka rohkulah yang berdoa, tetapi akal budiku tidak turut berdoa.</verse>
<verse osisID="1Cor.14.15"> Jadi, apakah yang harus kubuat? Aku akan berdoa dengan rohku, tetapi aku akan berdoa juga dengan akal budiku; aku akan menyanyi dan memuji dengan rohku, tetapi aku akan menyanyi dan memuji juga dengan akal budiku.</verse>
<verse osisID="1Cor.14.16"> Sebab, jika engkau mengucap syukur dengan rohmu saja, bagaimanakah orang biasa yang hadir sebagai pendengar dapat mengatakan "amin" atas pengucapan syukurmu? Bukankah ia tidak tahu apa yang engkau katakan?</verse>
<verse osisID="1Cor.14.17"> Sebab sekalipun pengucapan syukurmu itu sangat baik, tetapi orang lain tidak dibangun olehnya.</verse>
<verse osisID="1Cor.14.18"> Aku mengucap syukur kepada Allah, bahwa aku berkata-kata dengan bahasa roh lebih dari pada kamu semua.</verse>
<verse osisID="1Cor.14.19"> Tetapi dalam pertemuan Jemaat aku lebih suka mengucapkan lima kata yang dapat dimengerti untuk mengajar orang lain juga, dari pada beribu-ribu kata dengan bahasa roh.</verse>
<verse osisID="1Cor.14.20"> Saudara-saudara, janganlah sama seperti anak-anak dalam pemikiranmu. Jadilah anak-anak dalam kejahatan, tetapi orang dewasa dalam pemikiranmu!</verse>
<verse osisID="1Cor.14.21"> Dalam hukum Taurat ada tertulis: "Oleh orang-orang yang mempunyai bahasa lain dan oleh mulut orang-orang asing Aku akan berbicara kepada bangsa ini, namun demikian mereka tidak akan mendengarkan Aku, firman Tuhan."</verse>
<verse osisID="1Cor.14.22"> Karena itu karunia bahasa roh adalah tanda, bukan untuk orang yang beriman, tetapi untuk orang yang tidak beriman; sedangkan karunia untuk bernubuat adalah tanda, bukan untuk orang yang tidak beriman, tetapi untuk orang yang beriman.</verse>
<verse osisID="1Cor.14.23"> Jadi, kalau seluruh Jemaat berkumpul bersama-sama dan tiap-tiap orang berkata-kata dengan bahasa roh, lalu masuklah orang-orang luar atau orang-orang yang tidak beriman, tidakkah akan mereka katakan, bahwa kamu gila?</verse>
<verse osisID="1Cor.14.24"> Tetapi kalau semua bernubuat, lalu masuk orang yang tidak beriman atau orang baru, ia akan diyakinkan oleh semua dan diselidiki oleh semua;</verse>
<verse osisID="1Cor.14.25"> segala rahasia yang terkandung di dalam hatinya akan menjadi nyata, sehingga ia akan sujud menyembah Allah dan mengaku: "Sungguh, Allah ada di tengah-tengah kamu."</verse>
<verse osisID="1Cor.14.26"> Jadi bagaimana sekarang, saudara-saudara? Bilamana kamu berkumpul, hendaklah tiap-tiap orang mempersembahkan sesuatu: yang seorang mazmur, yang lain pengajaran, atau penyataan Allah, atau karunia bahasa roh, atau karunia untuk menafsirkan bahasa roh, tetapi semuanya itu harus dipergunakan untuk membangun.</verse>
<verse osisID="1Cor.14.27"> Jika ada yang berkata-kata dengan bahasa roh, biarlah dua atau sebanyak-banyaknya tiga orang, seorang demi seorang, dan harus ada seorang lain untuk menafsirkannya.</verse>
<verse osisID="1Cor.14.28"> Jika tidak ada orang yang dapat menafsirkannya, hendaklah mereka berdiam diri dalam pertemuan Jemaat dan hanya boleh berkata-kata kepada dirinya sendiri dan kepada Allah.</verse>
<verse osisID="1Cor.14.29"> Tentang nabi-nabi -- baiklah dua atau tiga orang di antaranya berkata-kata dan yang lain menanggapi apa yang mereka katakan.</verse>
<verse osisID="1Cor.14.30"> Tetapi jika seorang lain yang duduk di situ mendapat penyataan, maka yang pertama itu harus berdiam diri.</verse>
<verse osisID="1Cor.14.31"> Sebab kamu semua boleh bernubuat seorang demi seorang, sehingga kamu semua dapat belajar dan beroleh kekuatan.</verse>
<verse osisID="1Cor.14.32"> Karunia nabi takluk kepada nabi-nabi.</verse>
<verse osisID="1Cor.14.33"> Sebab Allah tidak menghendaki kekacauan, tetapi damai sejahtera.</verse>
<verse osisID="1Cor.14.34"> Sama seperti dalam semua Jemaat orang-orang kudus, perempuan-perempuan harus berdiam diri dalam pertemuan-pertemuan Jemaat. Sebab mereka tidak diperbolehkan untuk berbicara. Mereka harus menundukkan diri, seperti yang dikatakan juga oleh hukum Taurat.</verse>
<verse osisID="1Cor.14.35"> Jika mereka ingin mengetahui sesuatu, baiklah mereka menanyakannya kepada suaminya di rumah. Sebab tidak sopan bagi perempuan untuk berbicara dalam pertemuan Jemaat.</verse>
<verse osisID="1Cor.14.36"> Atau adakah firman Allah mulai dari kamu? Atau hanya kepada kamu sajakah firman itu telah datang?</verse>
<verse osisID="1Cor.14.37"> Jika seorang menganggap dirinya nabi atau orang yang mendapat karunia rohani, ia harus sadar, bahwa apa yang kukatakan kepadamu adalah perintah Tuhan.</verse>
<verse osisID="1Cor.14.38"> Tetapi jika ia tidak mengindahkannya, janganlah kamu mengindahkan dia.</verse>
<verse osisID="1Cor.14.39"> Karena itu, saudara-saudaraku, usahakanlah dirimu untuk memperoleh karunia untuk bernubuat dan janganlah melarang orang yang berkata-kata dengan bahasa roh.</verse>
<verse osisID="1Cor.14.40"> Tetapi segala sesuatu harus berlangsung dengan sopan dan teratur.</verse>
</chapter>
<chapter osisID="1Cor.15" chapterTitle="PASAL 15.">
<title type="chapter">PASAL 15.</title>
<verse osisID="1Cor.15.1"> Dan sekarang, saudara-saudara, aku mau mengingatkan kamu kepada Injil yang aku beritakan kepadamu dan yang kamu terima, dan yang di dalamnya kamu teguh berdiri.</verse>
<verse osisID="1Cor.15.2"> Oleh Injil itu kamu diselamatkan, asal kamu teguh berpegang padanya, seperti yang telah kuberitakan kepadamu -- kecuali kalau kamu telah sia-sia saja menjadi percaya.</verse>
<verse osisID="1Cor.15.3"> Sebab yang sangat penting telah kusampaikan kepadamu, yaitu apa yang telah kuterima sendiri, ialah bahwa Kristus telah mati karena dosa-dosa kita, sesuai dengan Kitab Suci,</verse>
<verse osisID="1Cor.15.4"> bahwa Ia telah dikuburkan, dan bahwa Ia telah dibangkitkan, pada hari yang ketiga, sesuai dengan Kitab Suci;</verse>
<verse osisID="1Cor.15.5"> bahwa Ia telah menampakkan diri kepada Kefas dan kemudian kepada kedua belas murid-Nya.</verse>
<verse osisID="1Cor.15.6"> Sesudah itu Ia menampakkan diri kepada lebih dari lima ratus saudara sekaligus; kebanyakan dari mereka masih hidup sampai sekarang, tetapi beberapa di antaranya telah meninggal.</verse>
<verse osisID="1Cor.15.7"> Selanjutnya Ia menampakkan diri kepada Yakobus, kemudian kepada semua rasul.</verse>
<verse osisID="1Cor.15.8"> Dan yang paling akhir dari semuanya Ia menampakkan diri juga kepadaku, sama seperti kepada anak yang lahir sebelum waktunya.</verse>
<verse osisID="1Cor.15.9"> Karena aku adalah yang paling hina dari semua rasul, bahkan tidak layak disebut rasul, sebab aku telah menganiaya Jemaat Allah.</verse>
<verse osisID="1Cor.15.10"> Tetapi karena kasih karunia Allah aku adalah sebagaimana aku ada sekarang, dan kasih karunia yang dianugerahkan-Nya kepadaku tidak sia-sia. Sebaliknya, aku telah bekerja lebih keras dari pada mereka semua; tetapi bukannya aku, melainkan kasih karunia Allah yang menyertai aku.</verse>
<verse osisID="1Cor.15.11"> Sebab itu, baik aku, maupun mereka, demikianlah kami mengajar dan demikianlah kamu menjadi percaya.</verse>
<verse osisID="1Cor.15.12"> Jadi, bilamana kami beritakan, bahwa Kristus dibangkitkan dari antara orang mati, bagaimana mungkin ada di antara kamu yang mengatakan, bahwa tidak ada kebangkitan orang mati?</verse>
<verse osisID="1Cor.15.13"> Kalau tidak ada kebangkitan orang mati, maka Kristus juga tidak dibangkitkan.</verse>
<verse osisID="1Cor.15.14"> Tetapi andaikata Kristus tidak dibangkitkan, maka sia-sialah pemberitaan kami dan sia-sialah juga kepercayaan kamu.</verse>
<verse osisID="1Cor.15.15"> Lebih dari pada itu kami ternyata berdusta terhadap Allah, karena tentang Dia kami katakan, bahwa Ia telah membangkitkan Kristus -- padahal Ia tidak membangkitkan-Nya, kalau andaikata benar, bahwa orang mati tidak dibangkitkan.</verse>
<verse osisID="1Cor.15.16"> Sebab jika benar orang mati tidak dibangkitkan, maka Kristus juga tidak dibangkitkan.</verse>
<verse osisID="1Cor.15.17"> Dan jika Kristus tidak dibangkitkan, maka sia-sialah kepercayaan kamu dan kamu masih hidup dalam dosamu.</verse>
<verse osisID="1Cor.15.18"> Demikianlah binasa juga orang-orang yang mati dalam Kristus.</verse>
<verse osisID="1Cor.15.19"> Jikalau kita hanya dalam hidup ini saja menaruh pengharapan pada Kristus, maka kita adalah orang-orang yang paling malang dari segala manusia.</verse>
<verse osisID="1Cor.15.20"> Tetapi yang benar ialah, bahwa Kristus telah dibangkitkan dari antara orang mati, sebagai yang sulung dari orang-orang yang telah meninggal.</verse>
<verse osisID="1Cor.15.21"> Sebab sama seperti maut datang karena satu orang manusia, demikian juga kebangkitan orang mati datang karena satu orang manusia.</verse>
<verse osisID="1Cor.15.22"> Karena sama seperti semua orang mati dalam persekutuan dengan Adam, demikian pula semua orang akan dihidupkan kembali dalam persekutuan dengan Kristus.</verse>
<verse osisID="1Cor.15.23"> Tetapi tiap-tiap orang menurut urutannya: Kristus sebagai buah sulung; sesudah itu mereka yang menjadi milik-Nya pada waktu kedatangan-Nya.</verse>
<verse osisID="1Cor.15.24"> Kemudian tiba kesudahannya, yaitu bilamana Ia menyerahkan Kerajaan kepada Allah Bapa, sesudah Ia membinasakan segala pemerintahan, kekuasaan dan kekuatan.</verse>
<verse osisID="1Cor.15.25"> Karena Ia harus memegang pemerintahan sebagai Raja sampai Allah meletakkan semua musuh-Nya di bawah kaki-Nya.</verse>
<verse osisID="1Cor.15.26"> Musuh yang terakhir, yang dibinasakan ialah maut.</verse>
<verse osisID="1Cor.15.27"> Sebab segala sesuatu telah ditaklukkan-Nya di bawah kaki-Nya. Tetapi kalau dikatakan, bahwa "segala sesuatu telah ditaklukkan", maka teranglah, bahwa Ia sendiri yang telah menaklukkan segala sesuatu di bawah kaki Kristus itu tidak termasuk di dalamnya.</verse>
<verse osisID="1Cor.15.28"> Tetapi kalau segala sesuatu telah ditaklukkan di bawah Kristus, maka Ia sendiri sebagai Anak akan menaklukkan diri-Nya di bawah Dia, yang telah menaklukkan segala sesuatu di bawah-Nya, supaya Allah menjadi semua di dalam semua.</verse>
<verse osisID="1Cor.15.29"> Jika tidak demikian, apakah faedahnya perbuatan orang-orang yang dibaptis bagi orang mati? Kalau orang mati sama sekali tidak dibangkitkan, mengapa mereka mau dibaptis bagi orang-orang yang telah meninggal?</verse>
<verse osisID="1Cor.15.30"> Dan kami juga -- mengapakah kami setiap saat membawa diri kami ke dalam bahaya?</verse>
<verse osisID="1Cor.15.31"> Saudara-saudara, tiap-tiap hari aku berhadapan dengan maut. Demi kebanggaanku akan kamu dalam Kristus Yesus, Tuhan kita, aku katakan, bahwa hal ini benar.</verse>
<verse osisID="1Cor.15.32"> Kalau hanya berdasarkan pertimbangan-pertimbangan manusia saja aku telah berjuang melawan binatang buas di Efesus, apakah gunanya hal itu bagiku? Jika orang mati tidak dibangkitkan, maka "marilah kita makan dan minum, sebab besok kita mati".</verse>
<verse osisID="1Cor.15.33"> Janganlah kamu sesat: Pergaulan yang buruk merusakkan kebiasaan yang baik.</verse>
<verse osisID="1Cor.15.34"> Sadarlah kembali sebaik-baiknya dan jangan berbuat dosa lagi! Ada di antara kamu yang tidak mengenal Allah. Hal ini kukatakan, supaya kamu merasa malu.</verse>
<verse osisID="1Cor.15.35"> Tetapi mungkin ada orang yang bertanya: "Bagaimanakah orang mati dibangkitkan? Dan dengan tubuh apakah mereka akan datang kembali?"</verse>
<verse osisID="1Cor.15.36"> Hai orang bodoh! Apa yang engkau sendiri taburkan, tidak akan tumbuh dan hidup, kalau ia tidak mati dahulu.</verse>
<verse osisID="1Cor.15.37"> Dan yang engkau taburkan bukanlah tubuh tanaman yang akan tumbuh, tetapi biji yang tidak berkulit, umpamanya biji gandum atau biji lain.</verse>
<verse osisID="1Cor.15.38"> Tetapi Allah memberikan kepadanya suatu tubuh, seperti yang dikehendaki-Nya: Ia memberikan kepada tiap-tiap biji tubuhnya sendiri.</verse>
<verse osisID="1Cor.15.39"> Bukan semua daging sama: daging manusia lain dari pada daging binatang, lain dari pada daging burung, lain dari pada daging ikan.</verse>
<verse osisID="1Cor.15.40"> Ada tubuh sorgawi dan ada tubuh duniawi, tetapi kemuliaan tubuh sorgawi lain dari pada kemuliaan tubuh duniawi.</verse>
<verse osisID="1Cor.15.41"> Kemuliaan matahari lain dari pada kemuliaan bulan, dan kemuliaan bulan lain dari pada kemuliaan bintang-bintang, dan kemuliaan bintang yang satu berbeda dengan kemuliaan bintang yang lain.</verse>
<verse osisID="1Cor.15.42"> Demikianlah pula halnya dengan kebangkitan orang mati. Ditaburkan dalam kebinasaan, dibangkitkan dalam ketidakbinasaan.</verse>
<verse osisID="1Cor.15.43"> Ditaburkan dalam kehinaan, dibangkitkan dalam kemuliaan. Ditaburkan dalam kelemahan, dibangkitkan dalam kekuatan.</verse>
<verse osisID="1Cor.15.44"> Yang ditaburkan adalah tubuh alamiah, yang dibangkitkan adalah tubuh rohaniah. Jika ada tubuh alamiah, maka ada pula tubuh rohaniah.</verse>
<verse osisID="1Cor.15.45"> Seperti ada tertulis: "Manusia pertama, Adam menjadi makhluk yang hidup", tetapi Adam yang akhir menjadi roh yang menghidupkan.</verse>
<verse osisID="1Cor.15.46"> Tetapi yang mula-mula datang bukanlah yang rohaniah, tetapi yang alamiah; kemudian barulah datang yang rohaniah.</verse>
<verse osisID="1Cor.15.47"> Manusia pertama berasal dari debu tanah dan bersifat jasmani, manusia kedua berasal dari sorga.</verse>
<verse osisID="1Cor.15.48"> Makhluk-makhluk alamiah sama dengan dia yang berasal dari debu tanah dan makhluk-makhluk sorgawi sama dengan Dia yang berasal dari sorga.</verse>
<verse osisID="1Cor.15.49"> Sama seperti kita telah memakai rupa dari yang alamiah, demikian pula kita akan memakai rupa dari yang sorgawi.</verse>
<verse osisID="1Cor.15.50"> Saudara-saudara, inilah yang hendak kukatakan kepadamu, yaitu bahwa daging dan darah tidak mendapat bagian dalam Kerajaan Allah dan bahwa yang binasa tidak mendapat bagian dalam apa yang tidak binasa.</verse>
<verse osisID="1Cor.15.51"> Sesungguhnya aku menyatakan kepadamu suatu rahasia: kita tidak akan mati semuanya, tetapi kita semuanya akan diubah,</verse>
<verse osisID="1Cor.15.52"> dalam sekejap mata, pada waktu bunyi nafiri yang terakhir. Sebab nafiri akan berbunyi dan orang-orang mati akan dibangkitkan dalam keadaan yang tidak dapat binasa dan kita semua akan diubah.</verse>
<verse osisID="1Cor.15.53"> Karena yang dapat binasa ini harus mengenakan yang tidak dapat binasa, dan yang dapat mati ini harus mengenakan yang tidak dapat mati.</verse>
<verse osisID="1Cor.15.54"> Dan sesudah yang dapat binasa ini mengenakan yang tidak dapat binasa dan yang dapat mati ini mengenakan yang tidak dapat mati, maka akan genaplah firman Tuhan yang tertulis: "Maut telah ditelan dalam kemenangan.</verse>
<verse osisID="1Cor.15.55"> Hai maut di manakah kemenanganmu? Hai maut, di manakah sengatmu?"</verse>
<verse osisID="1Cor.15.56"> Sengat maut ialah dosa dan kuasa dosa ialah hukum Taurat.</verse>
<verse osisID="1Cor.15.57"> Tetapi syukur kepada Allah, yang telah memberikan kepada kita kemenangan oleh Yesus Kristus, Tuhan kita.</verse>
<verse osisID="1Cor.15.58"> Karena itu, saudara-saudaraku yang kekasih, berdirilah teguh, jangan goyah, dan giatlah selalu dalam pekerjaan Tuhan! Sebab kamu tahu, bahwa dalam persekutuan dengan Tuhan jerih payahmu tidak sia-sia.</verse>
</chapter>
<chapter osisID="1Cor.16" chapterTitle="PASAL 16.">
<title type="chapter">PASAL 16.</title>
<verse osisID="1Cor.16.1"> Tentang pengumpulan uang bagi orang-orang kudus, hendaklah kamu berbuat sesuai dengan petunjuk-petunjuk yang kuberikan kepada Jemaat-jemaat di Galatia.</verse>
<verse osisID="1Cor.16.2"> Pada hari pertama dari tiap-tiap minggu hendaklah kamu masing-masing -- sesuai dengan apa yang kamu peroleh -- menyisihkan sesuatu dan menyimpannya di rumah, supaya jangan pengumpulan itu baru diadakan, kalau aku datang.</verse>
<verse osisID="1Cor.16.3"> Sesudah aku tiba, aku akan mengutus orang-orang, yang kamu anggap layak, dengan surat ke Yerusalem untuk menyampaikan pemberianmu.</verse>
<verse osisID="1Cor.16.4"> Kalau ternyata penting, bahwa aku juga pergi, maka mereka akan pergi bersama-sama dengan aku.</verse>
<verse osisID="1Cor.16.5"> Aku akan datang kepadamu, sesudah aku melintasi Makedonia, sebab aku akan melintasi Makedonia.</verse>
<verse osisID="1Cor.16.6"> Dan di Korintus mungkin aku akan tinggal beberapa lamanya dengan kamu atau mungkin aku akan tinggal selama musim dingin, sehingga kamu dapat menolong aku untuk melanjutkan perjalananku.</verse>
<verse osisID="1Cor.16.7"> Sebab sekarang aku tidak mau melihat kamu hanya sepintas lalu saja. Aku harap dapat tinggal agak lama dengan kamu, jika diperkenankan Tuhan.</verse>
<verse osisID="1Cor.16.8"> Tetapi aku akan tinggal di Efesus sampai hari raya Pentakosta,</verse>
<verse osisID="1Cor.16.9"> sebab di sini banyak kesempatan bagiku untuk mengerjakan pekerjaan yang besar dan penting, sekalipun ada banyak penentang.</verse>
<verse osisID="1Cor.16.10"> Jika Timotius datang kepadamu, usahakanlah supaya ia berada di tengah-tengah kamu tanpa takut, sebab ia mengerjakan pekerjaan Tuhan, sama seperti aku.</verse>
<verse osisID="1Cor.16.11"> Jadi, janganlah ada orang yang menganggapnya rendah! Tetapi tolonglah dia, supaya ia melanjutkan perjalanannya dengan selamat, agar ia datang kembali kepadaku, sebab aku di sini menunggu kedatangannya bersama-sama dengan saudara-saudara yang lain.</verse>
<verse osisID="1Cor.16.12"> Tentang saudara Apolos: telah berulang-ulang aku mendesaknya untuk bersama-sama dengan saudara-saudara lain mengunjungi kamu, tetapi ia sama sekali tidak mau datang sekarang. Kalau ada kesempatan baik nanti, ia akan datang.</verse>
<verse osisID="1Cor.16.13"> Berjaga-jagalah! Berdirilah dengan teguh dalam iman! Bersikaplah sebagai laki-laki! Dan tetap kuat!</verse>
<verse osisID="1Cor.16.14"> Lakukanlah segala pekerjaanmu dalam kasih!</verse>
<verse osisID="1Cor.16.15"> Ada suatu permintaan lagi kepadamu, saudara-saudara. Kamu tahu, bahwa Stefanus dan keluarganya adalah orang-orang yang pertama-tama bertobat di Akhaya, dan bahwa mereka telah mengabdikan diri kepada pelayanan orang-orang kudus.</verse>
<verse osisID="1Cor.16.16"> Karena itu taatilah orang-orang yang demikian dan setiap orang yang turut bekerja dan berjerih payah.</verse>
<verse osisID="1Cor.16.17"> Aku bergembira atas kedatangan Stefanus, Fortunatus dan Akhaikus, karena mereka melengkapi apa yang masih kurang padamu;</verse>
<verse osisID="1Cor.16.18"> karena mereka menyegarkan rohku dan roh kamu. Hargailah orang-orang yang demikian!</verse>
<verse osisID="1Cor.16.19"> Salam kepadamu dari Jemaat-jemaat di Asia Kecil. Akwila, Priskila dan Jemaat di rumah mereka menyampaikan berlimpah-limpah salam kepadamu.</verse>
<verse osisID="1Cor.16.20"> Salam kepadamu dari saudara-saudara semuanya. Sampaikanlah salam seorang kepada yang lain dengan cium kudus.</verse>
<verse osisID="1Cor.16.21"> Dengan tanganku sendiri aku menulis ini: Salam dari Paulus.</verse>
<verse osisID="1Cor.16.22"> Siapa yang tidak mengasihi Tuhan, terkutuklah ia. Maranata!</verse>
<verse osisID="1Cor.16.23"> Kasih karunia Tuhan Yesus menyertai kamu.</verse>
<verse osisID="1Cor.16.24"> Kasihku menyertai kamu sekalian dalam Kristus Yesus.</verse>
</chapter>
</div>
