<div type="book" osisID="1Tim" canonical="true">
<title type="main">1 TIMOTIUS</title>
<chapter osisID="1Tim.1" chapterTitle="PASAL 1.">
<title type="chapter">PASAL 1.</title>
<verse osisID="1Tim.1.1"> Dari Paulus, rasul Kristus Yesus menurut perintah Allah, Juruselamat kita, dan Kristus Yesus, dasar pengharapan kita,</verse>
<verse osisID="1Tim.1.2"> kepada Timotius, anakku yang sah di dalam iman: kasih karunia, rahmat dan damai sejahtera dari Allah Bapa dan Kristus Yesus, Tuhan kita, menyertai engkau.</verse>
<verse osisID="1Tim.1.3"> Ketika aku hendak meneruskan perjalananku ke wilayah Makedonia, aku telah mendesak engkau supaya engkau tinggal di Efesus dan menasihatkan orang-orang tertentu, agar mereka jangan mengajarkan ajaran lain</verse>
<verse osisID="1Tim.1.4"> ataupun sibuk dengan dongeng dan silsilah yang tiada putus-putusnya, yang hanya menghasilkan persoalan belaka, dan bukan tertib hidup keselamatan yang diberikan Allah dalam iman.</verse>
<verse osisID="1Tim.1.5"> Tujuan nasihat itu ialah kasih yang timbul dari hati yang suci, dari hati nurani yang murni dan dari iman yang tulus ikhlas.</verse>
<verse osisID="1Tim.1.6"> Tetapi ada orang yang tidak sampai pada tujuan itu dan yang sesat dalam omongan yang sia-sia.</verse>
<verse osisID="1Tim.1.7"> Mereka itu hendak menjadi pengajar hukum Taurat tanpa mengerti perkataan mereka sendiri dan pokok-pokok yang secara mutlak mereka kemukakan.</verse>
<verse osisID="1Tim.1.8"> Kita tahu bahwa hukum Taurat itu baik kalau tepat digunakan,</verse>
<verse osisID="1Tim.1.9"> yakni dengan keinsafan bahwa hukum Taurat itu bukanlah bagi orang yang benar, melainkan bagi orang durhaka dan orang lalim, bagi orang fasik dan orang berdosa, bagi orang duniawi dan yang tak beragama, bagi pembunuh bapa dan pembunuh ibu, bagi pembunuh pada umumnya,</verse>
<verse osisID="1Tim.1.10"> bagi orang cabul dan pemburit, bagi penculik, bagi pendusta, bagi orang makan sumpah dan seterusnya segala sesuatu yang bertentangan dengan ajaran sehat</verse>
<verse osisID="1Tim.1.11"> yang berdasarkan Injil dari Allah yang mulia dan maha bahagia, seperti yang telah dipercayakan kepadaku.</verse>
<verse osisID="1Tim.1.12"> Aku bersyukur kepada Dia, yang menguatkan aku, yaitu Kristus Yesus, Tuhan kita, karena Ia menganggap aku setia dan mempercayakan pelayanan ini kepadaku --</verse>
<verse osisID="1Tim.1.13"> aku yang tadinya seorang penghujat dan seorang penganiaya dan seorang ganas, tetapi aku telah dikasihani-Nya, karena semuanya itu telah kulakukan tanpa pengetahuan yaitu di luar iman.</verse>
<verse osisID="1Tim.1.14"> Malah kasih karunia Tuhan kita itu telah dikaruniakan dengan limpahnya kepadaku dengan iman dan kasih dalam Kristus Yesus.</verse>
<verse osisID="1Tim.1.15"> Perkataan ini benar dan patut diterima sepenuhnya: "Kristus Yesus datang ke dunia untuk menyelamatkan orang berdosa," dan di antara mereka akulah yang paling berdosa.</verse>
<verse osisID="1Tim.1.16"> Tetapi justru karena itu aku dikasihani, agar dalam diriku ini, sebagai orang yang paling berdosa, Yesus Kristus menunjukkan seluruh kesabaran-Nya. Dengan demikian aku menjadi contoh bagi mereka yang kemudian percaya kepada-Nya dan mendapat hidup yang kekal.</verse>
<verse osisID="1Tim.1.17"> Hormat dan kemuliaan sampai selama-lamanya bagi Raja segala zaman, Allah yang kekal, yang tak nampak, yang esa! Amin.</verse>
<verse osisID="1Tim.1.18"> Tugas ini kuberikan kepadamu, Timotius anakku, sesuai dengan apa yang telah dinubuatkan tentang dirimu, supaya dikuatkan oleh nubuat itu engkau memperjuangkan perjuangan yang baik dengan iman dan hati nurani yang murni.</verse>
<verse osisID="1Tim.1.19"> Beberapa orang telah menolak hati nuraninya yang murni itu, dan karena itu kandaslah iman mereka,</verse>
<verse osisID="1Tim.1.20"> di antaranya Himeneus dan Aleksander, yang telah kuserahkan kepada Iblis, supaya jera mereka menghujat.</verse>
</chapter>
<chapter osisID="1Tim.2" chapterTitle="PASAL 2.">
<title type="chapter">PASAL 2.</title>
<verse osisID="1Tim.2.1"> Pertama-tama aku menasihatkan: Naikkanlah permohonan, doa syafaat dan ucapan syukur untuk semua orang,</verse>
<verse osisID="1Tim.2.2"> untuk raja-raja dan untuk semua pembesar, agar kita dapat hidup tenang dan tenteram dalam segala kesalehan dan kehormatan.</verse>
<verse osisID="1Tim.2.3"> Itulah yang baik dan yang berkenan kepada Allah, Juruselamat kita,</verse>
<verse osisID="1Tim.2.4"> yang menghendaki supaya semua orang diselamatkan dan memperoleh pengetahuan akan kebenaran.</verse>
<verse osisID="1Tim.2.5"> Karena Allah itu esa dan esa pula Dia yang menjadi pengantara antara Allah dan manusia, yaitu manusia Kristus Yesus,</verse>
<verse osisID="1Tim.2.6"> yang telah menyerahkan diri-Nya sebagai tebusan bagi semua manusia: itu kesaksian pada waktu yang ditentukan.</verse>
<verse osisID="1Tim.2.7"> Untuk kesaksian itulah aku telah ditetapkan sebagai pemberita dan rasul -- yang kukatakan ini benar, aku tidak berdusta -- dan sebagai pengajar orang-orang bukan Yahudi, dalam iman dan kebenaran.</verse>
<verse osisID="1Tim.2.8"> Oleh karena itu aku ingin, supaya di mana-mana orang laki-laki berdoa dengan menadahkan tangan yang suci, tanpa marah dan tanpa perselisihan.</verse>
<verse osisID="1Tim.2.9"> Demikian juga hendaknya perempuan. Hendaklah ia berdandan dengan pantas, dengan sopan dan sederhana, rambutnya jangan berkepang-kepang, jangan memakai emas atau mutiara ataupun pakaian yang mahal-mahal,</verse>
<verse osisID="1Tim.2.10"> tetapi hendaklah ia berdandan dengan perbuatan baik, seperti yang layak bagi perempuan yang beribadah.</verse>
<verse osisID="1Tim.2.11"> Seharusnyalah perempuan berdiam diri dan menerima ajaran dengan patuh.</verse>
<verse osisID="1Tim.2.12"> Aku tidak mengizinkan perempuan mengajar dan juga tidak mengizinkannya memerintah laki-laki; hendaklah ia berdiam diri.</verse>
<verse osisID="1Tim.2.13"> Karena Adam yang pertama dijadikan, kemudian barulah Hawa.</verse>
<verse osisID="1Tim.2.14"> Lagipula bukan Adam yang tergoda, melainkan perempuan itulah yang tergoda dan jatuh ke dalam dosa.</verse>
<verse osisID="1Tim.2.15"> Tetapi perempuan akan diselamatkan karena melahirkan anak, asal ia bertekun dalam iman dan kasih dan pengudusan dengan segala kesederhanaan.</verse>
</chapter>
<chapter osisID="1Tim.3" chapterTitle="PASAL 3.">
<title type="chapter">PASAL 3.</title>
<verse osisID="1Tim.3.1"> Benarlah perkataan ini: "Orang yang menghendaki jabatan penilik jemaat menginginkan pekerjaan yang indah."</verse>
<verse osisID="1Tim.3.2"> Karena itu penilik jemaat haruslah seorang yang tak bercacat, suami dari satu isteri, dapat menahan diri, bijaksana, sopan, suka memberi tumpangan, cakap mengajar orang,</verse>
<verse osisID="1Tim.3.3"> bukan peminum, bukan pemarah melainkan peramah, pendamai, bukan hamba uang,</verse>
<verse osisID="1Tim.3.4"> seorang kepala keluarga yang baik, disegani dan dihormati oleh anak-anaknya.</verse>
<verse osisID="1Tim.3.5"> Jikalau seorang tidak tahu mengepalai keluarganya sendiri, bagaimanakah ia dapat mengurus Jemaat Allah?</verse>
<verse osisID="1Tim.3.6"> Janganlah ia seorang yang baru bertobat, agar jangan ia menjadi sombong dan kena hukuman Iblis.</verse>
<verse osisID="1Tim.3.7"> Hendaklah ia juga mempunyai nama baik di luar jemaat, agar jangan ia digugat orang dan jatuh ke dalam jerat Iblis.</verse>
<verse osisID="1Tim.3.8"> Demikian juga diaken-diaken haruslah orang terhormat, jangan bercabang lidah, jangan penggemar anggur, jangan serakah,</verse>
<verse osisID="1Tim.3.9"> melainkan orang yang memelihara rahasia iman dalam hati nurani yang suci.</verse>
<verse osisID="1Tim.3.10"> Mereka juga harus diuji dahulu, baru ditetapkan dalam pelayanan itu setelah ternyata mereka tak bercacat.</verse>
<verse osisID="1Tim.3.11"> Demikian pula isteri-isteri hendaklah orang terhormat, jangan pemfitnah, hendaklah dapat menahan diri dan dapat dipercayai dalam segala hal.</verse>
<verse osisID="1Tim.3.12"> Diaken haruslah suami dari satu isteri dan mengurus anak-anaknya dan keluarganya dengan baik.</verse>
<verse osisID="1Tim.3.13"> Karena mereka yang melayani dengan baik beroleh kedudukan yang baik sehingga dalam iman kepada Kristus Yesus mereka dapat bersaksi dengan leluasa.</verse>
<verse osisID="1Tim.3.14"> Semuanya itu kutuliskan kepadamu, walaupun kuharap segera dapat mengunjungi engkau.</verse>
<verse osisID="1Tim.3.15"> Jadi jika aku terlambat, sudahlah engkau tahu bagaimana orang harus hidup sebagai keluarga Allah, yakni jemaat dari Allah yang hidup, tiang penopang dan dasar kebenaran.</verse>
<verse osisID="1Tim.3.16"> Dan sesungguhnya agunglah rahasia ibadah kita: "Dia, yang telah menyatakan diri-Nya dalam rupa manusia, dibenarkan dalam Roh; yang menampakkan diri-Nya kepada malaikat-malaikat, diberitakan di antara bangsa-bangsa yang tidak mengenal Allah; yang dipercayai di dalam dunia, diangkat dalam kemuliaan."</verse>
</chapter>
<chapter osisID="1Tim.4" chapterTitle="PASAL 4.">
<title type="chapter">PASAL 4.</title>
<verse osisID="1Tim.4.1"> Tetapi Roh dengan tegas mengatakan bahwa di waktu-waktu kemudian, ada orang yang akan murtad lalu mengikuti roh-roh penyesat dan ajaran setan-setan</verse>
<verse osisID="1Tim.4.2"> oleh tipu daya pendusta-pendusta yang hati nuraninya memakai cap mereka.</verse>
<verse osisID="1Tim.4.3"> Mereka itu melarang orang kawin, melarang orang makan makanan yang diciptakan Allah supaya dengan pengucapan syukur dimakan oleh orang yang percaya dan yang telah mengenal kebenaran.</verse>
<verse osisID="1Tim.4.4"> Karena semua yang diciptakan Allah itu baik dan suatu pun tidak ada yang haram, jika diterima dengan ucapan syukur,</verse>
<verse osisID="1Tim.4.5"> sebab semuanya itu dikuduskan oleh firman Allah dan oleh doa.</verse>
<verse osisID="1Tim.4.6"> Dengan selalu mengingatkan hal-hal itu kepada saudara-saudara kita, engkau akan menjadi seorang pelayan Kristus Yesus yang baik, terdidik dalam soal-soal pokok iman kita dan dalam ajaran sehat yang telah kauikuti selama ini.</verse>
<verse osisID="1Tim.4.7"> Tetapi jauhilah takhayul dan dongeng nenek-nenek tua. Latihlah dirimu beribadah.</verse>
<verse osisID="1Tim.4.8"> Latihan badani terbatas gunanya, tetapi ibadah itu berguna dalam segala hal, karena mengandung janji, baik untuk hidup ini maupun untuk hidup yang akan datang.</verse>
<verse osisID="1Tim.4.9"> Perkataan ini benar dan patut diterima sepenuhnya.</verse>
<verse osisID="1Tim.4.10"> Itulah sebabnya kita berjerih payah dan berjuang, karena kita menaruh pengharapan kita kepada Allah yang hidup, Juruselamat semua manusia, terutama mereka yang percaya.</verse>
<verse osisID="1Tim.4.11"> Beritakanlah dan ajarkanlah semuanya itu.</verse>
<verse osisID="1Tim.4.12"> Jangan seorang pun menganggap engkau rendah karena engkau muda. Jadilah teladan bagi orang-orang percaya, dalam perkataanmu, dalam tingkah lakumu, dalam kasihmu, dalam kesetiaanmu dan dalam kesucianmu.</verse>
<verse osisID="1Tim.4.13"> Sementara itu, sampai aku datang bertekunlah dalam membaca Kitab-kitab Suci, dalam membangun dan dalam mengajar.</verse>
<verse osisID="1Tim.4.14"> Jangan lalai dalam mempergunakan karunia yang ada padamu, yang telah diberikan kepadamu oleh nubuat dan dengan penumpangan tangan sidang penatua.</verse>
<verse osisID="1Tim.4.15"> Perhatikanlah semuanya itu, hiduplah di dalamnya supaya kemajuanmu nyata kepada semua orang.</verse>
<verse osisID="1Tim.4.16"> Awasilah dirimu sendiri dan awasilah ajaranmu. Bertekunlah dalam semuanya itu, karena dengan berbuat demikian engkau akan menyelamatkan dirimu dan semua orang yang mendengar engkau.</verse>
</chapter>
<chapter osisID="1Tim.5" chapterTitle="PASAL 5.">
<title type="chapter">PASAL 5.</title>
<verse osisID="1Tim.5.1"> Janganlah engkau keras terhadap orang yang tua, melainkan tegorlah dia sebagai bapa. Tegorlah orang-orang muda sebagai saudaramu,</verse>
<verse osisID="1Tim.5.2"> perempuan-perempuan tua sebagai ibu dan perempuan-perempuan muda sebagai adikmu dengan penuh kemurnian.</verse>
<verse osisID="1Tim.5.3"> Hormatilah janda-janda yang benar-benar janda.</verse>
<verse osisID="1Tim.5.4"> Tetapi jikalau seorang janda mempunyai anak atau cucu, hendaknya mereka itu pertama-tama belajar berbakti kepada kaum keluarganya sendiri dan membalas budi orang tua dan nenek mereka, karena itulah yang berkenan kepada Allah.</verse>
<verse osisID="1Tim.5.5"> Sedangkan seorang janda yang benar-benar janda, yang ditinggalkan seorang diri, menaruh harapannya kepada Allah dan bertekun dalam permohonan dan doa siang malam.</verse>
<verse osisID="1Tim.5.6"> Tetapi seorang janda yang hidup mewah dan berlebih-lebihan, ia sudah mati selagi hidup.</verse>
<verse osisID="1Tim.5.7"> Peringatkanlah hal-hal ini juga kepada janda-janda itu agar mereka hidup dengan tidak bercela.</verse>
<verse osisID="1Tim.5.8"> Tetapi jika ada seorang yang tidak memeliharakan sanak saudaranya, apalagi seisi rumahnya, orang itu murtad dan lebih buruk dari orang yang tidak beriman.</verse>
<verse osisID="1Tim.5.9"> Yang didaftarkan sebagai janda, hanyalah mereka yang tidak kurang dari enam puluh tahun, yang hanya satu kali bersuami</verse>
<verse osisID="1Tim.5.10"> dan yang terbukti telah melakukan pekerjaan yang baik, seperti mengasuh anak, memberi tumpangan, membasuh kaki saudara-saudara seiman, menolong orang yang hidup dalam kesesakan -- pendeknya mereka yang telah menggunakan segala kesempatan untuk berbuat baik.</verse>
<verse osisID="1Tim.5.11"> Tolaklah pendaftaran janda-janda yang lebih muda. Karena apabila mereka sekali digairahkan oleh keberahian yang menceraikan mereka dari Kristus, mereka itu ingin kawin</verse>
<verse osisID="1Tim.5.12"> dan dengan memungkiri kesetiaan mereka yang semula kepada-Nya, mereka mendatangkan hukuman atas dirinya.</verse>
<verse osisID="1Tim.5.13"> Lagipula dengan keluar masuk rumah orang, mereka membiasakan diri bermalas-malas dan bukan hanya bermalas-malas saja, tetapi juga meleter dan mencampuri soal orang lain dan mengatakan hal-hal yang tidak pantas.</verse>
<verse osisID="1Tim.5.14"> Karena itu aku mau supaya janda-janda yang muda kawin lagi, beroleh anak, memimpin rumah tangganya dan jangan memberi alasan kepada lawan untuk memburuk-burukkan nama kita.</verse>
<verse osisID="1Tim.5.15"> Karena beberapa janda telah tersesat mengikut Iblis.</verse>
<verse osisID="1Tim.5.16"> Jika seorang laki-laki atau perempuan yang percaya mempunyai anggota keluarga yang janda, hendaklah ia membantu mereka sehingga mereka jangan menjadi beban bagi jemaat. Dengan demikian jemaat dapat membantu mereka yang benar-benar janda.</verse>
<verse osisID="1Tim.5.17"> Penatua-penatua yang baik pimpinannya patut dihormati dua kali lipat, terutama mereka yang dengan jerih payah berkhotbah dan mengajar.</verse>
<verse osisID="1Tim.5.18"> Bukankah Kitab Suci berkata: "Janganlah engkau memberangus mulut lembu yang sedang mengirik," dan lagi "seorang pekerja patut mendapat upahnya."</verse>
<verse osisID="1Tim.5.19"> Janganlah engkau menerima tuduhan atas seorang penatua kecuali kalau didukung dua atau tiga orang saksi.</verse>
<verse osisID="1Tim.5.20"> Mereka yang berbuat dosa hendaklah kautegor di depan semua orang agar yang lain itu pun takut.</verse>
<verse osisID="1Tim.5.21"> Di hadapan Allah dan Kristus Yesus dan malaikat-malaikat pilihan-Nya kupesankan dengan sungguh kepadamu: camkanlah petunjuk ini tanpa prasangka dan bertindaklah dalam segala sesuatu tanpa memihak.</verse>
<verse osisID="1Tim.5.22"> Janganlah engkau terburu-buru menumpangkan tangan atas seseorang dan janganlah terbawa-bawa ke dalam dosa orang lain. Jagalah kemurnian dirimu.</verse>
<verse osisID="1Tim.5.23"> Janganlah lagi minum air saja, melainkan tambahkanlah anggur sedikit, berhubung pencernaanmu terganggu dan tubuhmu sering lemah.</verse>
<verse osisID="1Tim.5.24"> Dosa beberapa orang mencolok, seakan-akan mendahului mereka ke pengadilan, tetapi dosa beberapa orang lagi baru menjadi nyata kemudian.</verse>
<verse osisID="1Tim.5.25"> Demikian pun perbuatan baik itu segera nyata dan kalau tidak demikian, ia tidak dapat terus tinggal tersembunyi.</verse>
</chapter>
<chapter osisID="1Tim.6" chapterTitle="PASAL 6.">
<title type="chapter">PASAL 6.</title>
<verse osisID="1Tim.6.1"> Semua orang yang menanggung beban perbudakan hendaknya menganggap tuan mereka layak mendapat segala penghormatan, agar nama Allah dan ajaran kita jangan dihujat orang.</verse>
<verse osisID="1Tim.6.2"> Jika tuan mereka seorang percaya, janganlah ia kurang disegani karena bersaudara dalam Kristus, melainkan hendaklah ia dilayani mereka dengan lebih baik lagi, karena tuan yang menerima berkat pelayanan mereka ialah saudara yang percaya dan yang kekasih. Ajarkanlah dan nasihatkanlah semuanya ini.</verse>
<verse osisID="1Tim.6.3"> Jika seorang mengajarkan ajaran lain dan tidak menurut perkataan sehat -- yakni perkataan Tuhan kita Yesus Kristus -- dan tidak menurut ajaran yang sesuai dengan ibadah kita,</verse>
<verse osisID="1Tim.6.4"> ia adalah seorang yang berlagak tahu padahal tidak tahu apa-apa. Penyakitnya ialah mencari-cari soal dan bersilat kata, yang menyebabkan dengki, cidera, fitnah, curiga,</verse>
<verse osisID="1Tim.6.5"> percekcokan antara orang-orang yang tidak lagi berpikiran sehat dan yang kehilangan kebenaran, yang mengira ibadah itu adalah suatu sumber keuntungan.</verse>
<verse osisID="1Tim.6.6"> Memang ibadah itu kalau disertai rasa cukup, memberi keuntungan besar.</verse>
<verse osisID="1Tim.6.7"> Sebab kita tidak membawa sesuatu apa ke dalam dunia dan kita pun tidak dapat membawa apa-apa ke luar.</verse>
<verse osisID="1Tim.6.8"> Asal ada makanan dan pakaian, cukuplah.</verse>
<verse osisID="1Tim.6.9"> Tetapi mereka yang ingin kaya terjatuh ke dalam pencobaan, ke dalam jerat dan ke dalam berbagai-bagai nafsu yang hampa dan yang mencelakakan, yang menenggelamkan manusia ke dalam keruntuhan dan kebinasaan.</verse>
<verse osisID="1Tim.6.10"> Karena akar segala kejahatan ialah cinta uang. Sebab oleh memburu uanglah beberapa orang telah menyimpang dari iman dan menyiksa dirinya dengan berbagai-bagai duka.</verse>
<verse osisID="1Tim.6.11"> Tetapi engkau hai manusia Allah, jauhilah semuanya itu, kejarlah keadilan, ibadah, kesetiaan, kasih, kesabaran dan kelembutan.</verse>
<verse osisID="1Tim.6.12"> Bertandinglah dalam pertandingan iman yang benar dan rebutlah hidup yang kekal. Untuk itulah engkau telah dipanggil dan telah engkau ikrarkan ikrar yang benar di depan banyak saksi.</verse>
<verse osisID="1Tim.6.13"> Di hadapan Allah yang memberikan hidup kepada segala sesuatu dan di hadapan Kristus Yesus yang telah mengikrarkan ikrar yang benar itu juga di muka Pontius Pilatus, kuserukan kepadamu:</verse>
<verse osisID="1Tim.6.14"> Turutilah perintah ini, dengan tidak bercacat dan tidak bercela, hingga pada saat Tuhan kita Yesus Kristus menyatakan diri-Nya,</verse>
<verse osisID="1Tim.6.15"> yaitu saat yang akan ditentukan oleh Penguasa yang satu-satunya dan yang penuh bahagia, Raja di atas segala raja dan Tuan di atas segala tuan.</verse>
<verse osisID="1Tim.6.16"> Dialah satu-satunya yang tidak takluk kepada maut, bersemayam dalam terang yang tak terhampiri. Seorang pun tak pernah melihat Dia dan memang manusia tidak dapat melihat Dia. Bagi-Nyalah hormat dan kuasa yang kekal! Amin.</verse>
<verse osisID="1Tim.6.17"> Peringatkanlah kepada orang-orang kaya di dunia ini agar mereka jangan tinggi hati dan jangan berharap pada sesuatu yang tak tentu seperti kekayaan, melainkan pada Allah yang dalam kekayaan-Nya memberikan kepada kita segala sesuatu untuk dinikmati.</verse>
<verse osisID="1Tim.6.18"> Peringatkanlah agar mereka itu berbuat baik, menjadi kaya dalam kebajikan, suka memberi dan membagi</verse>
<verse osisID="1Tim.6.19"> dan dengan demikian mengumpulkan suatu harta sebagai dasar yang baik bagi dirinya di waktu yang akan datang untuk mencapai hidup yang sebenarnya.</verse>
<verse osisID="1Tim.6.20"> Hai Timotius, peliharalah apa yang telah dipercayakan kepadamu. Hindarilah omongan yang kosong dan yang tidak suci dan pertentangan-pertentangan yang berasal dari apa yang disebut pengetahuan,</verse>
<verse osisID="1Tim.6.21"> karena ada beberapa orang yang mengajarkannya dan dengan demikian telah menyimpang dari iman. Kasih karunia menyertai kamu!</verse>
</chapter>
</div>
