<div type="book" osisID="2Cor" canonical="true">
<title type="main">2 KORINTUS</title>
<chapter osisID="2Cor.1" chapterTitle="PASAL 1.">
<title type="chapter">PASAL 1.</title>
<verse osisID="2Cor.1.1"> Dari Paulus, yang oleh kehendak Allah menjadi rasul Kristus Yesus, dan dari Timotius saudara kita, kepada jemaat Allah di Korintus dengan semua orang kudus di seluruh Akhaya.</verse>
<verse osisID="2Cor.1.2"> Kasih karunia dan damai sejahtera dari Allah, Bapa kita, dan dari Tuhan Yesus Kristus menyertai kamu.</verse>
<verse osisID="2Cor.1.3"> Terpujilah Allah, Bapa Tuhan kita Yesus Kristus, Bapa yang penuh belas kasihan dan Allah sumber segala penghiburan,</verse>
<verse osisID="2Cor.1.4"> yang menghibur kami dalam segala penderitaan kami, sehingga kami sanggup menghibur mereka, yang berada dalam bermacam-macam penderitaan dengan penghiburan yang kami terima sendiri dari Allah.</verse>
<verse osisID="2Cor.1.5"> Sebab sama seperti kami mendapat bagian berlimpah-limpah dalam kesengsaraan Kristus, demikian pula oleh Kristus kami menerima penghiburan berlimpah-limpah.</verse>
<verse osisID="2Cor.1.6"> Jika kami menderita, hal itu menjadi penghiburan dan keselamatan kamu; jika kami dihibur, maka hal itu adalah untuk penghiburan kamu, sehingga kamu beroleh kekuatan untuk dengan sabar menderita kesengsaraan yang sama seperti yang kami derita juga.</verse>
<verse osisID="2Cor.1.7"> Dan pengharapan kami akan kamu adalah teguh, karena kami tahu, bahwa sama seperti kamu turut mengambil bagian dalam kesengsaraan kami, kamu juga turut mengambil bagian dalam penghiburan kami.</verse>
<verse osisID="2Cor.1.8"> Sebab kami mau, saudara-saudara, supaya kamu tahu akan penderitaan yang kami alami di Asia Kecil. Beban yang ditanggungkan atas kami adalah begitu besar dan begitu berat, sehingga kami telah putus asa juga akan hidup kami.</verse>
<verse osisID="2Cor.1.9"> Bahkan kami merasa, seolah-olah kami telah dijatuhi hukuman mati. Tetapi hal itu terjadi, supaya kami jangan menaruh kepercayaan pada diri kami sendiri, tetapi hanya kepada Allah yang membangkitkan orang-orang mati.</verse>
<verse osisID="2Cor.1.10"> Dari kematian yang begitu ngeri Ia telah dan akan menyelamatkan kami: kepada-Nya kami menaruh pengharapan kami, bahwa Ia akan menyelamatkan kami lagi,</verse>
<verse osisID="2Cor.1.11"> karena kamu juga turut membantu mendoakan kami, supaya banyak orang mengucap syukur atas karunia yang kami peroleh berkat banyaknya doa mereka untuk kami.</verse>
<verse osisID="2Cor.1.12"> Inilah yang kami megahkan, yaitu bahwa suara hati kami memberi kesaksian kepada kami, bahwa hidup kami di dunia ini, khususnya dalam hubungan kami dengan kamu, dikuasai oleh ketulusan dan kemurnian dari Allah bukan oleh hikmat duniawi, tetapi oleh kekuatan kasih karunia Allah.</verse>
<verse osisID="2Cor.1.13"> Sebab kami hanya menuliskan kepada kamu apa yang dapat kamu baca dan pahamkan. Dan aku harap, mudah-mudahan kamu akan memahaminya sepenuhnya,</verse>
<verse osisID="2Cor.1.14"> seperti yang telah kamu pahamkan sebagiannya dari kami, yaitu bahwa pada hari Tuhan Yesus kamu akan bermegah atas kami seperti kami juga akan bermegah atas kamu.</verse>
<verse osisID="2Cor.1.15"> Berdasarkan keyakinan ini aku pernah merencanakan untuk mengunjungi kamu dahulu, supaya kamu boleh menerima kasih karunia untuk kedua kalinya.</verse>
<verse osisID="2Cor.1.16"> Kemudian aku mau meneruskan perjalananku ke Makedonia, lalu dari Makedonia kembali lagi kepada kamu, supaya kamu menolong aku dalam perjalananku ke Yudea.</verse>
<verse osisID="2Cor.1.17"> Jadi, adakah aku bertindak serampangan dalam merencanakan hal ini? Atau adakah aku membuat rencanaku itu menurut keinginanku sendiri, sehingga padaku serentak terdapat "ya" dan "tidak"?</verse>
<verse osisID="2Cor.1.18"> Demi Allah yang setia, janji kami kepada kamu bukanlah serentak "ya" dan "tidak".</verse>
<verse osisID="2Cor.1.19"> Karena Yesus Kristus, Anak Allah, yang telah kami beritakan di tengah-tengah kamu, yaitu olehku dan oleh Silwanus dan Timotius, bukanlah "ya" dan "tidak", tetapi sebaliknya di dalam Dia hanya ada "ya".</verse>
<verse osisID="2Cor.1.20"> Sebab Kristus adalah "ya" bagi semua janji Allah. Itulah sebabnya oleh Dia kita mengatakan "Amin" untuk memuliakan Allah.</verse>
<verse osisID="2Cor.1.21"> Sebab Dia yang telah meneguhkan kami bersama-sama dengan kamu di dalam Kristus, adalah Allah yang telah mengurapi,</verse>
<verse osisID="2Cor.1.22"> memeteraikan tanda milik-Nya atas kita dan yang memberikan Roh Kudus di dalam hati kita sebagai jaminan dari semua yang telah disediakan untuk kita.</verse>
<verse osisID="2Cor.1.23"> Tetapi aku memanggil Allah sebagai saksiku -- Ia mengenal aku --, bahwa sebabnya aku tidak datang ke Korintus ialah untuk menyayangkan kamu.</verse>
<verse osisID="2Cor.1.24"> Bukan karena kami mau memerintahkan apa yang harus kamu percayai, karena kamu berdiri teguh dalam imanmu. Sebaliknya, kami mau turut bekerja untuk sukacitamu.</verse>
</chapter>
<chapter osisID="2Cor.2" chapterTitle="PASAL 2.">
<title type="chapter">PASAL 2.</title>
<verse osisID="2Cor.2.1"> Aku telah mengambil keputusan di dalam hatiku, bahwa aku tidak akan datang lagi kepadamu dalam dukacita.</verse>
<verse osisID="2Cor.2.2"> Sebab, jika aku mendukakan hatimu, siapa lagi yang dapat membuat aku menjadi gembira selain dia yang berdukacita karena aku.</verse>
<verse osisID="2Cor.2.3"> Dan justru itulah maksud suratku ini, yaitu supaya jika aku datang, jangan aku berdukacita oleh mereka, yang harus membuat aku menjadi gembira. Sebab aku yakin tentang kamu semua, bahwa sukacitaku adalah juga sukacitamu.</verse>
<verse osisID="2Cor.2.4"> Aku menulis kepada kamu dengan hati yang sangat cemas dan sesak dan dengan mencucurkan banyak air mata, bukan supaya kamu bersedih hati, tetapi supaya kamu tahu betapa besarnya kasihku kepada kamu semua.</verse>
<verse osisID="2Cor.2.5"> Tetapi jika ada orang yang menyebabkan kesedihan, maka bukan hatiku yang disedihkannya, melainkan hati kamu sekalian, atau sekurang-kurangnya -- supaya jangan aku melebih-lebihkan --, hati beberapa orang di antara kamu.</verse>
<verse osisID="2Cor.2.6"> Bagi orang yang demikian sudahlah cukup tegoran dari sebagian besar dari kamu,</verse>
<verse osisID="2Cor.2.7"> sehingga kamu sebaliknya harus mengampuni dan menghibur dia, supaya ia jangan binasa oleh kesedihan yang terlampau berat.</verse>
<verse osisID="2Cor.2.8"> Sebab itu aku menasihatkan kamu, supaya kamu sungguh-sungguh mengasihi dia.</verse>
<verse osisID="2Cor.2.9"> Sebab justru itulah maksudnya aku menulis surat kepada kamu, yaitu untuk menguji kamu, apakah kamu taat dalam segala sesuatu.</verse>
<verse osisID="2Cor.2.10"> Sebab barangsiapa yang kamu ampuni kesalahannya, aku mengampuninya juga. Sebab jika aku mengampuni, -- seandainya ada yang harus kuampuni --, maka hal itu kubuat oleh karena kamu di hadapan Kristus,</verse>
<verse osisID="2Cor.2.11"> supaya Iblis jangan beroleh keuntungan atas kita, sebab kita tahu apa maksudnya.</verse>
<verse osisID="2Cor.2.12"> Ketika aku tiba di Troas untuk memberitakan Injil Kristus, aku dapati, bahwa Tuhan telah membuka jalan untuk pekerjaan di sana.</verse>
<verse osisID="2Cor.2.13"> Tetapi hatiku tidak merasa tenang, karena aku tidak menjumpai saudaraku Titus. Sebab itu aku minta diri dan berangkat ke Makedonia.</verse>
<verse osisID="2Cor.2.14"> Tetapi syukur bagi Allah, yang dalam Kristus selalu membawa kami di jalan kemenangan-Nya. Dengan perantaraan kami Ia menyebarkan keharuman pengenalan akan Dia di mana-mana.</verse>
<verse osisID="2Cor.2.15"> Sebab bagi Allah kami adalah bau yang harum dari Kristus di tengah-tengah mereka yang diselamatkan dan di antara mereka yang binasa.</verse>
<verse osisID="2Cor.2.16"> Bagi yang terakhir kami adalah bau kematian yang mematikan dan bagi yang pertama bau kehidupan yang menghidupkan. Tetapi siapakah yang sanggup menunaikan tugas yang demikian?</verse>
<verse osisID="2Cor.2.17"> Sebab kami tidak sama dengan banyak orang lain yang mencari keuntungan dari firman Allah. Sebaliknya dalam Kristus kami berbicara sebagaimana mestinya dengan maksud-maksud murni atas perintah Allah dan di hadapan-Nya.</verse>
</chapter>
<chapter osisID="2Cor.3" chapterTitle="PASAL 3.">
<title type="chapter">PASAL 3.</title>
<verse osisID="2Cor.3.1"> Adakah kami mulai lagi memujikan diri kami? Atau perlukah kami seperti orang-orang lain menunjukkan surat pujian kepada kamu atau dari kamu?</verse>
<verse osisID="2Cor.3.2"> Kamu adalah surat pujian kami yang tertulis dalam hati kami dan yang dikenal dan yang dapat dibaca oleh semua orang.</verse>
<verse osisID="2Cor.3.3"> Karena telah ternyata, bahwa kamu adalah surat Kristus, yang ditulis oleh pelayanan kami, ditulis bukan dengan tinta, tetapi dengan Roh dari Allah yang hidup, bukan pada loh-loh batu, melainkan pada loh-loh daging, yaitu di dalam hati manusia.</verse>
<verse osisID="2Cor.3.4"> Demikianlah besarnya keyakinan kami kepada Allah oleh Kristus.</verse>
<verse osisID="2Cor.3.5"> Dengan diri kami sendiri kami tidak sanggup untuk memperhitungkan sesuatu seolah-olah pekerjaan kami sendiri; tidak, kesanggupan kami adalah pekerjaan Allah.</verse>
<verse osisID="2Cor.3.6"> Ialah membuat kami juga sanggup menjadi pelayan-pelayan dari suatu perjanjian baru, yang tidak terdiri dari hukum yang tertulis, tetapi dari Roh, sebab hukum yang tertulis mematikan, tetapi Roh menghidupkan.</verse>
<verse osisID="2Cor.3.7"> Pelayanan yang memimpin kepada kematian terukir dengan huruf pada loh-loh batu. Namun demikian kemuliaan Allah menyertainya waktu ia diberikan. Sebab sekalipun pudar juga, cahaya muka Musa begitu cemerlang, sehingga mata orang-orang Israel tidak tahan menatapnya. Jika pelayanan itu datang dengan kemuliaan yang demikian</verse>
<verse osisID="2Cor.3.8"> betapa lebih besarnya lagi kemuliaan yang menyertai pelayanan Roh!</verse>
<verse osisID="2Cor.3.9"> Sebab, jika pelayanan yang memimpin kepada penghukuman itu mulia, betapa lebih mulianya lagi pelayanan yang memimpin kepada pembenaran.</verse>
<verse osisID="2Cor.3.10"> Sebenarnya apa yang dahulu dianggap mulia, jika dibandingkan dengan kemuliaan yang mengatasi segala sesuatu ini, sama sekali tidak mempunyai arti.</verse>
<verse osisID="2Cor.3.11"> Sebab, jika yang pudar itu disertai dengan kemuliaan, betapa lebihnya lagi yang tidak pudar itu disertai kemuliaan.</verse>
<verse osisID="2Cor.3.12"> Karena kami mempunyai pengharapan yang demikian, maka kami bertindak dengan penuh keberanian,</verse>
<verse osisID="2Cor.3.13"> tidak seperti Musa, yang menyelubungi mukanya, supaya mata orang-orang Israel jangan melihat hilangnya cahaya yang sementara itu.</verse>
<verse osisID="2Cor.3.14"> Tetapi pikiran mereka telah menjadi tumpul, sebab sampai pada hari ini selubung itu masih tetap menyelubungi mereka, jika mereka membaca perjanjian lama itu tanpa disingkapkan, karena hanya Kristus saja yang dapat menyingkapkannya.</verse>
<verse osisID="2Cor.3.15"> Bahkan sampai pada hari ini, setiap kali mereka membaca kitab Musa, ada selubung yang menutupi hati mereka.</verse>
<verse osisID="2Cor.3.16"> Tetapi apabila hati seorang berbalik kepada Tuhan, maka selubung itu diambil dari padanya.</verse>
<verse osisID="2Cor.3.17"> Sebab Tuhan adalah Roh; dan di mana ada Roh Allah, di situ ada kemerdekaan.</verse>
<verse osisID="2Cor.3.18"> Dan kita semua mencerminkan kemuliaan Tuhan dengan muka yang tidak berselubung. Dan karena kemuliaan itu datangnya dari Tuhan yang adalah Roh, maka kita diubah menjadi serupa dengan gambar-Nya, dalam kemuliaan yang semakin besar.</verse>
</chapter>
<chapter osisID="2Cor.4" chapterTitle="PASAL 4.">
<title type="chapter">PASAL 4.</title>
<verse osisID="2Cor.4.1"> Oleh kemurahan Allah kami telah menerima pelayanan ini. Karena itu kami tidak tawar hati.</verse>
<verse osisID="2Cor.4.2"> Tetapi kami menolak segala perbuatan tersembunyi yang memalukan; kami tidak berlaku licik dan tidak memalsukan firman Allah. Sebaliknya kami menyatakan kebenaran dan dengan demikian kami menyerahkan diri kami untuk dipertimbangkan oleh semua orang di hadapan Allah.</verse>
<verse osisID="2Cor.4.3"> Jika Injil yang kami beritakan masih tertutup juga, maka ia tertutup untuk mereka, yang akan binasa,</verse>
<verse osisID="2Cor.4.4"> yaitu orang-orang yang tidak percaya, yang pikirannya telah dibutakan oleh ilah zaman ini, sehingga mereka tidak melihat cahaya Injil tentang kemuliaan Kristus, yang adalah gambaran Allah.</verse>
<verse osisID="2Cor.4.5"> Sebab bukan diri kami yang kami beritakan, tetapi Yesus Kristus sebagai Tuhan, dan diri kami sebagai hambamu karena kehendak Yesus.</verse>
<verse osisID="2Cor.4.6"> Sebab Allah yang telah berfirman: "Dari dalam gelap akan terbit terang!", Ia juga yang membuat terang-Nya bercahaya di dalam hati kita, supaya kita beroleh terang dari pengetahuan tentang kemuliaan Allah yang nampak pada wajah Kristus.</verse>
<verse osisID="2Cor.4.7"> Tetapi harta ini kami punyai dalam bejana tanah liat, supaya nyata, bahwa kekuatan yang melimpah-limpah itu berasal dari Allah, bukan dari diri kami.</verse>
<verse osisID="2Cor.4.8"> Dalam segala hal kami ditindas, namun tidak terjepit; kami habis akal, namun tidak putus asa;</verse>
<verse osisID="2Cor.4.9"> kami dianiaya, namun tidak ditinggalkan sendirian, kami dihempaskan, namun tidak binasa.</verse>
<verse osisID="2Cor.4.10"> Kami senantiasa membawa kematian Yesus di dalam tubuh kami, supaya kehidupan Yesus juga menjadi nyata di dalam tubuh kami.</verse>
<verse osisID="2Cor.4.11"> Sebab kami, yang masih hidup ini, terus-menerus diserahkan kepada maut karena Yesus, supaya juga hidup Yesus menjadi nyata di dalam tubuh kami yang fana ini.</verse>
<verse osisID="2Cor.4.12"> Maka demikianlah maut giat di dalam diri kami dan hidup giat di dalam kamu.</verse>
<verse osisID="2Cor.4.13"> Namun karena kami memiliki roh iman yang sama, seperti ada tertulis: "Aku percaya, sebab itu aku berkata-kata", maka kami juga percaya dan sebab itu kami juga berkata-kata.</verse>
<verse osisID="2Cor.4.14"> Karena kami tahu, bahwa Ia, yang telah membangkitkan Tuhan Yesus, akan membangkitkan kami juga bersama-sama dengan Yesus. Dan Ia akan menghadapkan kami bersama-sama dengan kamu kepada diri-Nya.</verse>
<verse osisID="2Cor.4.15"> Sebab semuanya itu terjadi oleh karena kamu, supaya kasih karunia, yang semakin besar berhubung dengan semakin banyaknya orang yang menjadi percaya, menyebabkan semakin melimpahnya ucapan syukur bagi kemuliaan Allah.</verse>
<verse osisID="2Cor.4.16"> Sebab itu kami tidak tawar hati, tetapi meskipun manusia lahiriah kami semakin merosot, namun manusia batiniah kami dibaharui dari sehari ke sehari.</verse>
<verse osisID="2Cor.4.17"> Sebab penderitaan ringan yang sekarang ini, mengerjakan bagi kami kemuliaan kekal yang melebihi segala-galanya, jauh lebih besar dari pada penderitaan kami.</verse>
<verse osisID="2Cor.4.18"> Sebab kami tidak memperhatikan yang kelihatan, melainkan yang tak kelihatan, karena yang kelihatan adalah sementara, sedangkan yang tak kelihatan adalah kekal.</verse>
</chapter>
<chapter osisID="2Cor.5" chapterTitle="PASAL 5.">
<title type="chapter">PASAL 5.</title>
<verse osisID="2Cor.5.1"> Karena kami tahu, bahwa jika kemah tempat kediaman kita di bumi ini dibongkar, Allah telah menyediakan suatu tempat kediaman di sorga bagi kita, suatu tempat kediaman yang kekal, yang tidak dibuat oleh tangan manusia.</verse>
<verse osisID="2Cor.5.2"> Selama kita di dalam kemah ini, kita mengeluh, karena kita rindu mengenakan tempat kediaman sorgawi di atas tempat kediaman kita yang sekarang ini,</verse>
<verse osisID="2Cor.5.3"> sebab dengan demikian kita berpakaian dan tidak kedapatan telanjang.</verse>
<verse osisID="2Cor.5.4"> Sebab selama masih diam di dalam kemah ini, kita mengeluh oleh beratnya tekanan, karena kita mau mengenakan pakaian yang baru itu tanpa menanggalkan yang lama, supaya yang fana itu ditelan oleh hidup.</verse>
<verse osisID="2Cor.5.5"> Tetapi Allahlah yang justru mempersiapkan kita untuk hal itu dan yang mengaruniakan Roh, kepada kita sebagai jaminan segala sesuatu yang telah disediakan bagi kita.</verse>
<verse osisID="2Cor.5.6"> Maka oleh karena itu hati kami senantiasa tabah, meskipun kami sadar, bahwa selama kami mendiami tubuh ini, kami masih jauh dari Tuhan,</verse>
<verse osisID="2Cor.5.7"> -- sebab hidup kami ini adalah hidup karena percaya, bukan karena melihat --</verse>
<verse osisID="2Cor.5.8"> tetapi hati kami tabah, dan terlebih suka kami beralih dari tubuh ini untuk menetap pada Tuhan.</verse>
<verse osisID="2Cor.5.9"> Sebab itu juga kami berusaha, baik kami diam di dalam tubuh ini, maupun kami diam di luarnya, supaya kami berkenan kepada-Nya.</verse>
<verse osisID="2Cor.5.10"> Sebab kita semua harus menghadap takhta pengadilan Kristus, supaya setiap orang memperoleh apa yang patut diterimanya, sesuai dengan yang dilakukannya dalam hidupnya ini, baik ataupun jahat.</verse>
<verse osisID="2Cor.5.11"> Kami tahu apa artinya takut akan Tuhan, karena itu kami berusaha meyakinkan orang. Bagi Allah hati kami nyata dengan terang dan aku harap hati kami nyata juga demikian bagi pertimbangan kamu.</verse>
<verse osisID="2Cor.5.12"> Dengan ini kami tidak berusaha memuji-muji diri kami sekali lagi kepada kamu, tetapi kami mau memberi kesempatan kepada kamu untuk memegahkan kami, supaya kamu dapat menghadapi orang-orang yang bermegah karena hal-hal lahiriah dan bukan batiniah.</verse>
<verse osisID="2Cor.5.13"> Sebab jika kami tidak menguasai diri, hal itu adalah dalam pelayanan Allah, dan jika kami menguasai diri, hal itu adalah untuk kepentingan kamu.</verse>
<verse osisID="2Cor.5.14"> Sebab kasih Kristus yang menguasai kami, karena kami telah mengerti, bahwa jika satu orang sudah mati untuk semua orang, maka mereka semua sudah mati.</verse>
<verse osisID="2Cor.5.15"> Dan Kristus telah mati untuk semua orang, supaya mereka yang hidup, tidak lagi hidup untuk dirinya sendiri, tetapi untuk Dia, yang telah mati dan telah dibangkitkan untuk mereka.</verse>
<verse osisID="2Cor.5.16"> Sebab itu kami tidak lagi menilai seorang juga pun menurut ukuran manusia. Dan jika kami pernah menilai Kristus menurut ukuran manusia, sekarang kami tidak lagi menilai-Nya demikian.</verse>
<verse osisID="2Cor.5.17"> Jadi siapa yang ada di dalam Kristus, ia adalah ciptaan baru: yang lama sudah berlalu, sesungguhnya yang baru sudah datang.</verse>
<verse osisID="2Cor.5.18"> Dan semuanya ini dari Allah, yang dengan perantaraan Kristus telah mendamaikan kita dengan diri-Nya dan yang telah mempercayakan pelayanan pendamaian itu kepada kami.</verse>
<verse osisID="2Cor.5.19"> Sebab Allah mendamaikan dunia dengan diri-Nya oleh Kristus dengan tidak memperhitungkan pelanggaran mereka. Ia telah mempercayakan berita pendamaian itu kepada kami.</verse>
<verse osisID="2Cor.5.20"> Jadi kami ini adalah utusan-utusan Kristus, seakan-akan Allah menasihati kamu dengan perantaraan kami; dalam nama Kristus kami meminta kepadamu: berilah dirimu didamaikan dengan Allah.</verse>
<verse osisID="2Cor.5.21"> Dia yang tidak mengenal dosa telah dibuat-Nya menjadi dosa karena kita, supaya dalam Dia kita dibenarkan oleh Allah.</verse>
</chapter>
<chapter osisID="2Cor.6" chapterTitle="PASAL 6.">
<title type="chapter">PASAL 6.</title>
<verse osisID="2Cor.6.1"> Sebagai teman-teman sekerja, kami menasihatkan kamu, supaya kamu jangan membuat menjadi sia-sia kasih karunia Allah, yang telah kamu terima. </verse>
<verse osisID="2Cor.6.2"> Sebab Allah berfirman:  "Pada waktu Aku berkenan, Aku akan mendengarkan engkau,  dan pada hari Aku menyelamatkan, Aku akan menolong engkau."  Sesungguhnya, waktu ini adalah waktu perkenanan itu; sesungguhnya, hari ini adalah hari penyelamatan itu. </verse>
<verse osisID="2Cor.6.3"> Dalam hal apa pun kami tidak memberi sebab orang tersandung, supaya pelayanan kami jangan sampai dicela. </verse>
<verse osisID="2Cor.6.4"> Sebaliknya, dalam segala hal kami menunjukkan, bahwa kami adalah pelayan Allah, yaitu: dalam menahan dengan penuh kesabaran dalam penderitaan, kesesakan dan kesukaran, </verse>
<verse osisID="2Cor.6.5"> dalam menanggung dera, dalam penjara dan kerusuhan, dalam berjerih payah, dalam berjaga-jaga dan berpuasa; </verse>
<verse osisID="2Cor.6.6"> dalam kemurnian hati, pengetahuan, kesabaran, dan kemurahan hati; dalam Roh Kudus dan kasih yang tidak munafik; </verse>
<verse osisID="2Cor.6.7"> dalam pemberitaan kebenaran dan kekuasaan Allah; dengan menggunakan senjata-senjata keadilan untuk menyerang ataupun untuk membela </verse>
<verse osisID="2Cor.6.8"> ketika dihormati dan ketika dihina; ketika diumpat atau ketika dipuji; ketika dianggap sebagai penipu, namun dipercayai, </verse>
<verse osisID="2Cor.6.9"> sebagai orang yang tidak dikenal, namun terkenal; sebagai orang yang nyaris mati, dan sungguh kami hidup; sebagai orang yang dihajar, namun tidak mati; </verse>
<verse osisID="2Cor.6.10"> sebagai orang berdukacita, namun senantiasa bersukacita; sebagai orang miskin, namun memperkaya banyak orang; sebagai orang tak bermilik, sekalipun kami memiliki segala sesuatu. </verse>
<verse osisID="2Cor.6.11"> Hai orang Korintus! Kami telah berbicara terus terang kepada kamu, hati kami terbuka lebar-lebar bagi kamu. </verse>
<verse osisID="2Cor.6.12"> Dan bagi kamu ada tempat yang luas dalam hati kami, tetapi bagi kami hanya tersedia tempat yang sempit di dalam hati kamu. </verse>
<verse osisID="2Cor.6.13"> Maka sekarang, supaya timbal balik -- aku berkata seperti kepada anak-anakku --: Bukalah hati kamu selebar-lebarnya! </verse>
<verse osisID="2Cor.6.14"> Janganlah kamu merupakan pasangan yang tidak seimbang dengan orang-orang yang tak percaya. Sebab persamaan apakah terdapat antara kebenaran dan kedurhakaan? Atau bagaimanakah terang dapat bersatu dengan gelap? </verse>
<verse osisID="2Cor.6.15"> Persamaan apakah yang terdapat antara Kristus dan Belial? Apakah bagian bersama orang-orang percaya dengan orang-orang tak percaya? </verse>
<verse osisID="2Cor.6.16"> Apakah hubungan bait Allah dengan berhala? Karena kita adalah bait dari Allah yang hidup menurut firman Allah ini:  "Aku akan diam bersama-sama dengan mereka  dan hidup di tengah-tengah mereka,  dan Aku akan menjadi Allah mereka,  dan mereka akan menjadi umat-Ku. </verse>
<verse osisID="2Cor.6.17"> Sebab itu:  Keluarlah kamu dari antara mereka,  dan pisahkanlah dirimu dari mereka, firman Tuhan,  dan janganlah menjamah apa yang najis,  maka Aku akan menerima kamu. </verse>
<verse osisID="2Cor.6.18"> Dan Aku akan menjadi Bapamu,  dan kamu akan menjadi anak-anak-Ku laki-laki dan anak-anak-Ku perempuan  demikianlah firman Tuhan, Yang Mahakuasa." </verse>
</chapter>
<chapter osisID="2Cor.7" chapterTitle="PASAL 7.">
<title type="chapter">PASAL 7.</title>
<verse osisID="2Cor.7.1"> Saudara-saudaraku yang kekasih, karena kita sekarang memiliki janji-janji itu, marilah kita menyucikan diri kita dari semua pencemaran jasmani dan rohani, dan dengan demikian menyempurnakan kekudusan kita dalam takut akan Allah.</verse>
<verse osisID="2Cor.7.2"> Berilah tempat bagi kami di dalam hati kamu! Kami tidak pernah berbuat salah terhadap seorang pun, tidak seorang pun yang kami rugikan, dan tidak dari seorang pun kami cari untung.</verse>
<verse osisID="2Cor.7.3"> Aku berkata demikian, bukan untuk menjatuhkan hukuman atas kamu, sebab tadi telah aku katakan, bahwa kamu telah beroleh tempat di dalam hati kami, sehingga kita sehidup semati.</verse>
<verse osisID="2Cor.7.4"> Aku sangat berterus terang terhadap kamu; tetapi aku juga sangat memegahkan kamu. Dalam segala penderitaan kami aku sangat terhibur dan sukacitaku melimpah-limpah.</verse>
<verse osisID="2Cor.7.5"> Bahkan ketika kami tiba di Makedonia, kami tidak beroleh ketenangan bagi tubuh kami. Di mana-mana kami mengalami kesusahan: dari luar pertengkaran dan dari dalam ketakutan.</verse>
<verse osisID="2Cor.7.6"> Tetapi Allah, yang menghiburkan orang yang rendah hati, telah menghiburkan kami dengan kedatangan Titus.</verse>
<verse osisID="2Cor.7.7"> Bukan hanya oleh kedatangannya saja, tetapi juga oleh penghiburan yang dinikmatinya di tengah-tengah kamu. Karena ia telah memberitahukan kepada kami tentang kerinduanmu, keluhanmu, kesungguhanmu untuk membela aku, sehingga makin bertambahlah sukacitaku.</verse>
<verse osisID="2Cor.7.8"> Jadi meskipun aku telah menyedihkan hatimu dengan suratku itu, namun aku tidak menyesalkannya. Memang pernah aku menyesalkannya, karena aku lihat, bahwa surat itu menyedihkan hatimu -- kendatipun untuk seketika saja lamanya --,</verse>
<verse osisID="2Cor.7.9"> namun sekarang aku bersukacita, bukan karena kamu telah berdukacita, melainkan karena dukacitamu membuat kamu bertobat. Sebab dukacitamu itu adalah menurut kehendak Allah, sehingga kamu sedikit pun tidak dirugikan oleh karena kami.</verse>
<verse osisID="2Cor.7.10"> Sebab dukacita menurut kehendak Allah menghasilkan pertobatan yang membawa keselamatan dan yang tidak akan disesalkan, tetapi dukacita yang dari dunia ini menghasilkan kematian.</verse>
<verse osisID="2Cor.7.11"> Sebab perhatikanlah betapa justru dukacita yang menurut kehendak Allah itu mengerjakan pada kamu kesungguhan yang besar, bahkan pembelaan diri, kejengkelan, ketakutan, kerinduan, kegiatan, penghukuman! Di dalam semuanya itu kamu telah membuktikan, bahwa kamu tidak bersalah di dalam perkara itu.</verse>
<verse osisID="2Cor.7.12"> Sebab itu, jika aku telah menulis surat kepada kamu, maka bukanlah oleh karena orang yang berbuat salah, atau oleh karena orang yang menderita perbuatan salah, melainkan supaya kerelaanmu terhadap kami menjadi nyata bagi kamu di hadapan Allah.</verse>
<verse osisID="2Cor.7.13"> Sebab itulah kami menjadi terhibur. Dan selain penghiburan yang kami peroleh itu, kami lebih lagi bersukacita oleh karena sukacita Titus, sebab kamu semua menyegarkan hatinya.</verse>
<verse osisID="2Cor.7.14"> Aku memegahkan kamu kepadanya, dan kamu tidak mengecewakan aku. Kami senantiasa mengatakan apa yang benar kepada kamu, demikian juga kemegahan kami di hadapan Titus sudah ternyata benar.</verse>
<verse osisID="2Cor.7.15"> Dan kasihnya bertambah besar terhadap kamu, apabila ia mengingat ketaatan kamu semua, bagaimana kamu menyambut kedatangannya dengan takut dan gentar.</verse>
<verse osisID="2Cor.7.16"> Aku bersukacita, sebab aku dapat menaruh kepercayaan kepada kamu dalam segala hal.</verse>
</chapter>
<chapter osisID="2Cor.8" chapterTitle="PASAL 8.">
<title type="chapter">PASAL 8.</title>
<verse osisID="2Cor.8.1"> Saudara-saudara, kami hendak memberitahukan kepada kamu tentang kasih karunia yang dianugerahkan kepada jemaat-jemaat di Makedonia.</verse>
<verse osisID="2Cor.8.2"> Selagi dicobai dengan berat dalam pelbagai penderitaan, sukacita mereka meluap dan meskipun mereka sangat miskin, namun mereka kaya dalam kemurahan.</verse>
<verse osisID="2Cor.8.3"> Aku bersaksi, bahwa mereka telah memberikan menurut kemampuan mereka, bahkan melampaui kemampuan mereka.</verse>
<verse osisID="2Cor.8.4"> Dengan kerelaan sendiri mereka meminta dan mendesak kepada kami, supaya mereka juga beroleh kasih karunia untuk mengambil bagian dalam pelayanan kepada orang-orang kudus.</verse>
<verse osisID="2Cor.8.5"> Mereka memberikan lebih banyak dari pada yang kami harapkan. Mereka memberikan diri mereka, pertama-tama kepada Allah, kemudian oleh karena kehendak Allah juga kepada kami.</verse>
<verse osisID="2Cor.8.6"> Sebab itu kami mendesak kepada Titus, supaya ia mengunjungi kamu dan menyelesaikan pelayanan kasih itu sebagaimana ia telah memulainya.</verse>
<verse osisID="2Cor.8.7"> Maka sekarang, sama seperti kamu kaya dalam segala sesuatu, -- dalam iman, dalam perkataan, dalam pengetahuan, dalam kesungguhan untuk membantu, dan dalam kasihmu terhadap kami -- demikianlah juga hendaknya kamu kaya dalam pelayanan kasih ini.</verse>
<verse osisID="2Cor.8.8"> Aku mengatakan hal itu bukan sebagai perintah, melainkan, dengan menunjukkan usaha orang-orang lain untuk membantu, aku mau menguji keikhlasan kasih kamu.</verse>
<verse osisID="2Cor.8.9"> Karena kamu telah mengenal kasih karunia Tuhan kita Yesus Kristus, bahwa Ia, yang oleh karena kamu menjadi miskin, sekalipun Ia kaya, supaya kamu menjadi kaya oleh karena kemiskinan-Nya.</verse>
<verse osisID="2Cor.8.10"> Inilah pendapatku tentang hal itu, yang mungkin berfaedah bagimu. Memang sudah sejak tahun yang lalu kamu mulai melaksanakannya dan mengambil keputusan untuk menyelesaikannya juga.</verse>
<verse osisID="2Cor.8.11"> Maka sekarang, selesaikan jugalah pelaksanaannya itu! Hendaklah pelaksanaannya sepadan dengan kerelaanmu, dan lakukanlah itu dengan apa yang ada padamu.</verse>
<verse osisID="2Cor.8.12"> Sebab jika kamu rela untuk memberi, maka pemberianmu akan diterima, kalau pemberianmu itu berdasarkan apa yang ada padamu, bukan berdasarkan apa yang tidak ada padamu.</verse>
<verse osisID="2Cor.8.13"> Sebab kamu dibebani bukanlah supaya orang-orang lain mendapat keringanan, tetapi supaya ada keseimbangan.</verse>
<verse osisID="2Cor.8.14"> Maka hendaklah sekarang ini kelebihan kamu mencukupkan kekurangan mereka, agar kelebihan mereka kemudian mencukupkan kekurangan kamu, supaya ada keseimbangan.</verse>
<verse osisID="2Cor.8.15"> Seperti ada tertulis: "Orang yang mengumpulkan banyak, tidak kelebihan dan orang yang mengumpulkan sedikit, tidak kekurangan."</verse>
<verse osisID="2Cor.8.16"> Syukur kepada Allah, yang oleh karena kamu mengaruniakan kesungguhan yang demikian juga dalam hati Titus untuk membantu kamu.</verse>
<verse osisID="2Cor.8.17"> Memang ia menyambut anjuran kami, tetapi dalam kesungguhannya yang besar itu ia dengan sukarela pergi kepada kamu.</verse>
<verse osisID="2Cor.8.18"> Bersama-sama dengan dia kami mengutus saudara kita, yang terpuji di semua jemaat karena pekerjaannya dalam pemberitaan Injil.</verse>
<verse osisID="2Cor.8.19"> Dan bukan itu saja! Ia juga telah ditunjuk oleh jemaat-jemaat untuk menemani kami dalam pelayanan kasih ini, yang kami lakukan untuk kemuliaan Tuhan dan sebagai bukti kerelaan kami.</verse>
<verse osisID="2Cor.8.20"> Sebab kami hendak menghindarkan hal ini: bahwa ada orang yang dapat mencela kami dalam hal pelayanan kasih yang kami lakukan dan yang hasilnya sebesar ini.</verse>
<verse osisID="2Cor.8.21"> Karena kami memikirkan yang baik, bukan hanya di hadapan Tuhan, tetapi juga di hadapan manusia.</verse>
<verse osisID="2Cor.8.22"> Bersama-sama dengan mereka kami utus seorang lain lagi, yakni saudara kita, yang telah beberapa kali kami uji dan ternyata selalu berusaha untuk membantu. Dan sekarang ia makin berusaha karena besarnya kepercayaannya kepada kamu.</verse>
<verse osisID="2Cor.8.23"> Titus adalah temanku yang bekerja bersama-sama dengan aku untuk kamu; saudara-saudara kami yang lain itu adalah utusan jemaat-jemaat dan suatu kemuliaan bagi Kristus.</verse>
<verse osisID="2Cor.8.24"> Karena itu tunjukkanlah kepada mereka di hadapan jemaat-jemaat bukti kasihmu dan bukti kemegahanku atas kamu.</verse>
</chapter>
<chapter osisID="2Cor.9" chapterTitle="PASAL 9.">
<title type="chapter">PASAL 9.</title>
<verse osisID="2Cor.9.1"> Tentang pelayanan kepada orang-orang kudus tidak perlu lagi aku menuliskannya kepada kamu.</verse>
<verse osisID="2Cor.9.2"> Aku telah tahu kerelaan hatimu tentang mana aku megahkan kamu kepada orang-orang Makedonia. Kataku: "Akhaya sudah siap sedia sejak tahun yang lampau." Dan kegiatanmu telah menjadi perangsang bagi banyak orang.</verse>
<verse osisID="2Cor.9.3"> Aku mengutus saudara-saudara itu, agar kemegahan kami dalam hal ini atas kamu jangan ternyata menjadi sia-sia, tetapi supaya kamu benar-benar siap sedia seperti yang telah kukatakan,</verse>
<verse osisID="2Cor.9.4"> supaya, apabila orang-orang Makedonia datang bersama-sama dengan aku, jangan mereka mendapati kamu belum siap sedia, sehingga kami -- untuk tidak mengatakan kamu -- merasa malu atas keyakinan kami itu.</verse>
<verse osisID="2Cor.9.5"> Sebab itu aku merasa perlu mendorong saudara-saudara itu untuk berangkat mendahului aku, supaya mereka lebih dahulu mengurus pemberian yang telah kamu janjikan sebelumnya, agar nanti tersedia sebagai bukti kemurahan hati kamu dan bukan sebagai pemberian yang dipaksakan.</verse>
<verse osisID="2Cor.9.6"> Camkanlah ini: Orang yang menabur sedikit, akan menuai sedikit juga, dan orang yang menabur banyak, akan menuai banyak juga.</verse>
<verse osisID="2Cor.9.7"> Hendaklah masing-masing memberikan menurut kerelaan hatinya, jangan dengan sedih hati atau karena paksaan, sebab Allah mengasihi orang yang memberi dengan sukacita.</verse>
<verse osisID="2Cor.9.8"> Dan Allah sanggup melimpahkan segala kasih karunia kepada kamu, supaya kamu senantiasa berkecukupan di dalam segala sesuatu dan malah berkelebihan di dalam pelbagai kebajikan.</verse>
<verse osisID="2Cor.9.9"> Seperti ada tertulis: "Ia membagi-bagikan, Ia memberikan kepada orang miskin, kebenaran-Nya tetap untuk selamanya."</verse>
<verse osisID="2Cor.9.10"> Ia yang menyediakan benih bagi penabur, dan roti untuk dimakan, Ia juga yang akan menyediakan benih bagi kamu dan melipatgandakannya dan menumbuhkan buah-buah kebenaranmu;</verse>
<verse osisID="2Cor.9.11"> kamu akan diperkaya dalam segala macam kemurahan hati, yang membangkitkan syukur kepada Allah oleh karena kami.</verse>
<verse osisID="2Cor.9.12"> Sebab pelayanan kasih yang berisi pemberian ini bukan hanya mencukupkan keperluan-keperluan orang-orang kudus, tetapi juga melimpahkan ucapan syukur kepada Allah.</verse>
<verse osisID="2Cor.9.13"> Dan oleh sebab kamu telah tahan uji dalam pelayanan itu, mereka memuliakan Allah karena ketaatan kamu dalam pengakuan akan Injil Kristus dan karena kemurahan hatimu dalam membagikan segala sesuatu dengan mereka dan dengan semua orang,</verse>
<verse osisID="2Cor.9.14"> sedangkan di dalam doa mereka, mereka juga merindukan kamu oleh karena kasih karunia Allah yang melimpah di atas kamu.</verse>
<verse osisID="2Cor.9.15"> Syukur kepada Allah karena karunia-Nya yang tak terkatakan itu!</verse>
</chapter>
<chapter osisID="2Cor.10" chapterTitle="PASAL 10.">
<title type="chapter">PASAL 10.</title>
<verse osisID="2Cor.10.1"> Aku, Paulus, seorang yang tidak berani bila berhadapan muka dengan kamu, tetapi berani terhadap kamu bila berjauhan, aku memperingatkan kamu demi Kristus yang lemah lembut dan ramah.</verse>
<verse osisID="2Cor.10.2"> Aku meminta kepada kamu: jangan kamu memaksa aku untuk menunjukkan keberanianku dari dekat, sebagaimana aku berniat bertindak keras terhadap orang-orang tertentu yang menyangka, bahwa kami hidup secara duniawi.</verse>
<verse osisID="2Cor.10.3"> Memang kami masih hidup di dunia, tetapi kami tidak berjuang secara duniawi,</verse>
<verse osisID="2Cor.10.4"> karena senjata kami dalam perjuangan bukanlah senjata duniawi, melainkan senjata yang diperlengkapi dengan kuasa Allah, yang sanggup untuk meruntuhkan benteng-benteng.</verse>
<verse osisID="2Cor.10.5"> Kami mematahkan setiap siasat orang dan merubuhkan setiap kubu yang dibangun oleh keangkuhan manusia untuk menentang pengenalan akan Allah. Kami menawan segala pikiran dan menaklukkannya kepada Kristus,</verse>
<verse osisID="2Cor.10.6"> dan kami siap sedia juga untuk menghukum setiap kedurhakaan, bila ketaatan kamu telah menjadi sempurna.</verse>
<verse osisID="2Cor.10.7"> Tengoklah yang nyata di depan mata kamu! Kalau ada seorang benar-benar yakin, bahwa ia adalah milik Kristus, hendaklah ia berpikir di dalam hatinya, bahwa kami juga adalah milik Kristus sama seperti dia.</verse>
<verse osisID="2Cor.10.8"> Bahkan, jikalau aku agak berlebih-lebihan bermegah atas kuasa, yang dikaruniakan Tuhan kepada kami untuk membangun dan bukan untuk meruntuhkan kamu, maka dalam hal itu aku tidak akan mendapat malu.</verse>
<verse osisID="2Cor.10.9"> Tetapi aku tidak mau kelihatan seolah-olah aku menakut-nakuti kamu dengan surat-suratku.</verse>
<verse osisID="2Cor.10.10"> Sebab, kata orang, surat-suratnya memang tegas dan keras, tetapi bila berhadapan muka sikapnya lemah dan perkataan-perkataannya tidak berarti.</verse>
<verse osisID="2Cor.10.11"> Tetapi hendaklah orang-orang yang berkata demikian menginsafi, bahwa tindakan kami, bila berhadapan muka, sama seperti perkataan kami dalam surat-surat kami, bila tidak berhadapan muka.</verse>
<verse osisID="2Cor.10.12"> Memang kami tidak berani menggolongkan diri kepada atau membandingkan diri dengan orang-orang tertentu yang memujikan diri sendiri. Mereka mengukur dirinya dengan ukuran mereka sendiri dan membandingkan dirinya dengan diri mereka sendiri. Alangkah bodohnya mereka!</verse>
<verse osisID="2Cor.10.13"> Sebaliknya kami tidak mau bermegah melampaui batas, melainkan tetap di dalam batas-batas daerah kerja yang dipatok Allah bagi kami, yang meluas sampai kepada kamu juga.</verse>
<verse osisID="2Cor.10.14"> Sebab dalam memberitakan Injil Kristus kami telah sampai kepada kamu, sehingga kami tidak melewati batas daerah kerja kami, seolah-olah kami belum sampai kepada kamu.</verse>
<verse osisID="2Cor.10.15"> Kami tidak bermegah atas pekerjaan yang dilakukan oleh orang lain di daerah kerja yang tidak dipatok untuk kami. Tetapi kami berharap, bahwa apabila imanmu makin bertumbuh, kami akan mendapat penghormatan lebih besar lagi di antara kamu, jika dibandingkan dengan daerah kerja yang dipatok untuk kami.</verse>
<verse osisID="2Cor.10.16"> Ya, kami hidup, supaya kami dapat memberitakan Injil di daerah-daerah yang lebih jauh dari pada daerah kamu dan tidak bermegah atas hasil-hasil yang dicapai orang lain di daerah kerja yang dipatok untuk mereka.</verse>
<verse osisID="2Cor.10.17"> "Tetapi barangsiapa bermegah, hendaklah ia bermegah di dalam Tuhan."</verse>
<verse osisID="2Cor.10.18"> Sebab bukan orang yang memuji diri yang tahan uji, melainkan orang yang dipuji Tuhan.</verse>
</chapter>
<chapter osisID="2Cor.11" chapterTitle="PASAL 11.">
<title type="chapter">PASAL 11.</title>
<verse osisID="2Cor.11.1"> Alangkah baiknya, jika kamu sabar terhadap kebodohanku yang kecil itu. Memang kamu sabar terhadap aku!</verse>
<verse osisID="2Cor.11.2"> Sebab aku cemburu kepada kamu dengan cemburu ilahi. Karena aku telah mempertunangkan kamu kepada satu laki-laki untuk membawa kamu sebagai perawan suci kepada Kristus.</verse>
<verse osisID="2Cor.11.3"> Tetapi aku takut, kalau-kalau pikiran kamu disesatkan dari kesetiaan kamu yang sejati kepada Kristus, sama seperti Hawa diperdayakan oleh ular itu dengan kelicikannya.</verse>
<verse osisID="2Cor.11.4"> Sebab kamu sabar saja, jika ada seorang datang memberitakan Yesus yang lain dari pada yang telah kami beritakan, atau memberikan kepada kamu roh yang lain dari pada yang telah kamu terima atau Injil yang lain dari pada yang telah kamu terima.</verse>
<verse osisID="2Cor.11.5"> Tetapi menurut pendapatku sedikit pun aku tidak kurang dari pada rasul-rasul yang tak ada taranya itu.</verse>
<verse osisID="2Cor.11.6"> Jikalau aku kurang paham dalam hal berkata-kata, tidaklah demikian dalam hal pengetahuan; sebab kami telah menyatakannya kepada kamu pada segala waktu dan di dalam segala hal.</verse>
<verse osisID="2Cor.11.7"> Apakah aku berbuat salah, jika aku merendahkan diri untuk meninggikan kamu, karena aku memberitakan Injil Allah kepada kamu dengan cuma-cuma?</verse>
<verse osisID="2Cor.11.8"> Jemaat-jemaat lain telah kurampok dengan menerima tunjangan dari mereka, supaya aku dapat melayani kamu!</verse>
<verse osisID="2Cor.11.9"> Dan ketika aku dalam kekurangan di tengah-tengah kamu, aku tidak menyusahkan seorang pun, sebab apa yang kurang padaku, dicukupkan oleh saudara-saudara yang datang dari Makedonia. Dalam segala hal aku menjaga diriku, supaya jangan menjadi beban bagi kamu, dan aku akan tetap berbuat demikian.</verse>
<verse osisID="2Cor.11.10"> Demi kebenaran Kristus di dalam diriku, aku tegaskan, bahwa kemegahanku itu tidak akan dirintangi oleh siapa pun di daerah-daerah Akhaya.</verse>
<verse osisID="2Cor.11.11"> Mengapa tidak? Apakah karena aku tidak mengasihi kamu? Allah mengetahuinya.</verse>
<verse osisID="2Cor.11.12"> Tetapi apa yang kulakukan, akan tetap kulakukan untuk mencegah mereka yang mencari kesempatan guna menyatakan, bahwa mereka sama dengan kami dalam hal yang dapat dimegahkan.</verse>
<verse osisID="2Cor.11.13"> Sebab orang-orang itu adalah rasul-rasul palsu, pekerja-pekerja curang, yang menyamar sebagai rasul-rasul Kristus.</verse>
<verse osisID="2Cor.11.14"> Hal itu tidak usah mengherankan, sebab Iblis pun menyamar sebagai malaikat Terang.</verse>
<verse osisID="2Cor.11.15"> Jadi bukanlah suatu hal yang ganjil, jika pelayan-pelayannya menyamar sebagai pelayan-pelayan kebenaran. Kesudahan mereka akan setimpal dengan perbuatan mereka.</verse>
<verse osisID="2Cor.11.16"> Kuulangi lagi: jangan hendaknya ada orang yang menganggap aku bodoh. Dan jika kamu juga menganggap demikian, terimalah aku sebagai orang bodoh supaya aku pun boleh bermegah sedikit.</verse>
<verse osisID="2Cor.11.17"> Apa yang aku katakan, aku mengatakannya bukan sebagai seorang yang berkata menurut firman Tuhan, melainkan sebagai seorang bodoh yang berkeyakinan, bahwa ia boleh bermegah.</verse>
<verse osisID="2Cor.11.18"> Karena banyak orang yang bermegah secara duniawi, aku mau bermegah juga.</verse>
<verse osisID="2Cor.11.19"> Sebab kamu suka sabar terhadap orang bodoh, karena kamu begitu bijaksana:</verse>
<verse osisID="2Cor.11.20"> karena kamu sabar, jika orang memperhambakan kamu, jika orang menghisap kamu, jika orang menguasai kamu, jika orang berlaku angkuh terhadap kamu, jika orang menampar kamu.</verse>
<verse osisID="2Cor.11.21"> Dengan sangat malu aku harus mengakui, bahwa dalam hal semacam itu kami terlalu lemah. Tetapi jika orang-orang lain berani membanggakan sesuatu, maka aku pun -- aku berkata dalam kebodohan -- berani juga!</verse>
<verse osisID="2Cor.11.22"> Apakah mereka orang Ibrani? Aku juga orang Ibrani! Apakah mereka orang Israel? Aku juga orang Israel. Apakah mereka keturunan Abraham? Aku juga keturunan Abraham!</verse>
<verse osisID="2Cor.11.23"> Apakah mereka pelayan Kristus? -- aku berkata seperti orang gila -- aku lebih lagi! Aku lebih banyak berjerih lelah; lebih sering di dalam penjara; didera di luar batas; kerap kali dalam bahaya maut.</verse>
<verse osisID="2Cor.11.24"> Lima kali aku disesah orang Yahudi, setiap kali empat puluh kurang satu pukulan,</verse>
<verse osisID="2Cor.11.25"> tiga kali aku didera, satu kali aku dilempari dengan batu, tiga kali mengalami karam kapal, sehari semalam aku terkatung-katung di tengah laut.</verse>
<verse osisID="2Cor.11.26"> Dalam perjalananku aku sering diancam bahaya banjir dan bahaya penyamun, bahaya dari pihak orang-orang Yahudi dan dari pihak orang-orang bukan Yahudi; bahaya di kota, bahaya di padang gurun, bahaya di tengah laut, dan bahaya dari pihak saudara-saudara palsu.</verse>
<verse osisID="2Cor.11.27"> Aku banyak berjerih lelah dan bekerja berat; kerap kali aku tidak tidur; aku lapar dan dahaga; kerap kali aku berpuasa, kedinginan dan tanpa pakaian,</verse>
<verse osisID="2Cor.11.28"> dan, dengan tidak menyebut banyak hal lain lagi, urusanku sehari-hari, yaitu untuk memelihara semua jemaat-jemaat.</verse>
<verse osisID="2Cor.11.29"> Jika ada orang merasa lemah, tidakkah aku turut merasa lemah? Jika ada orang tersandung, tidakkah hatiku hancur oleh dukacita?</verse>
<verse osisID="2Cor.11.30"> Jika aku harus bermegah, maka aku akan bermegah atas kelemahanku.</verse>
<verse osisID="2Cor.11.31"> Allah, yaitu Bapa dari Yesus, Tuhan kita, yang terpuji sampai selama-lamanya, tahu, bahwa aku tidak berdusta.</verse>
<verse osisID="2Cor.11.32"> Di Damsyik wali negeri raja Aretas menyuruh mengawal kota orang-orang Damsyik untuk menangkap aku.</verse>
<verse osisID="2Cor.11.33"> Tetapi dalam sebuah keranjang aku diturunkan dari sebuah tingkap ke luar tembok kota dan dengan demikian aku terluput dari tangannya.</verse>
</chapter>
<chapter osisID="2Cor.12" chapterTitle="PASAL 12.">
<title type="chapter">PASAL 12.</title>
<verse osisID="2Cor.12.1"> Aku harus bermegah, sekalipun memang hal itu tidak ada faedahnya, namun demikian aku hendak memberitakan penglihatan-penglihatan dan penyataan-penyataan yang kuterima dari Tuhan.</verse>
<verse osisID="2Cor.12.2"> Aku tahu tentang seorang Kristen; empat belas tahun yang lampau -- entah di dalam tubuh, aku tidak tahu, entah di luar tubuh, aku tidak tahu, Allah yang mengetahuinya -- orang itu tiba-tiba diangkat ke tingkat yang ketiga dari sorga.</verse>
<verse osisID="2Cor.12.3"> Aku juga tahu tentang orang itu, -- entah di dalam tubuh entah di luar tubuh, aku tidak tahu, Allah yang mengetahuinya --</verse>
<verse osisID="2Cor.12.4"> ia tiba-tiba diangkat ke Firdaus dan ia mendengar kata-kata yang tak terkatakan, yang tidak boleh diucapkan manusia.</verse>
<verse osisID="2Cor.12.5"> Atas orang itu aku hendak bermegah, tetapi atas diriku sendiri aku tidak akan bermegah, selain atas kelemahan-kelemahanku.</verse>
<verse osisID="2Cor.12.6"> Sebab sekiranya aku hendak bermegah juga, aku bukan orang bodoh lagi, karena aku mengatakan kebenaran. Tetapi aku menahan diriku, supaya jangan ada orang yang menghitungkan kepadaku lebih dari pada yang mereka lihat padaku atau yang mereka dengar dari padaku.</verse>
<verse osisID="2Cor.12.7"> Dan supaya aku jangan meninggikan diri karena penyataan-penyataan yang luar biasa itu, maka aku diberi suatu duri di dalam dagingku, yaitu seorang utusan Iblis untuk menggocoh aku, supaya aku jangan meninggikan diri.</verse>
<verse osisID="2Cor.12.8"> Tentang hal itu aku sudah tiga kali berseru kepada Tuhan, supaya utusan Iblis itu mundur dari padaku.</verse>
<verse osisID="2Cor.12.9"> Tetapi jawab Tuhan kepadaku: "Cukuplah kasih karunia-Ku bagimu, sebab justru dalam kelemahanlah kuasa-Ku menjadi sempurna." Sebab itu terlebih suka aku bermegah atas kelemahanku, supaya kuasa Kristus turun menaungi aku.</verse>
<verse osisID="2Cor.12.10"> Karena itu aku senang dan rela di dalam kelemahan, di dalam siksaan, di dalam kesukaran, di dalam penganiayaan dan kesesakan oleh karena Kristus. Sebab jika aku lemah, maka aku kuat.</verse>
<verse osisID="2Cor.12.11"> Sungguh aku telah menjadi bodoh; tetapi kamu yang memaksa aku. Sebenarnya aku harus kamu puji. Karena meskipun aku tidak berarti sedikit pun, namun di dalam segala hal aku tidak kalah terhadap rasul-rasul yang luar biasa itu.</verse>
<verse osisID="2Cor.12.12"> Segala sesuatu yang membuktikan, bahwa aku adalah seorang rasul, telah dilakukan di tengah-tengah kamu dengan segala kesabaran oleh tanda-tanda, mujizat-mujizat dan kuasa-kuasa.</verse>
<verse osisID="2Cor.12.13"> Sebab dalam hal manakah kamu dikebelakangkan dibandingkan dengan jemaat-jemaat lain, selain dari pada dalam hal ini, yaitu bahwa aku sendiri tidak menjadi suatu beban kepada kamu? Maafkanlah ketidakadilanku ini!</verse>
<verse osisID="2Cor.12.14"> Sesungguhnya sekarang sudah untuk ketiga kalinya aku siap untuk mengunjungi kamu, dan aku tidak akan merupakan suatu beban bagi kamu. Sebab bukan hartamu yang kucari, melainkan kamu sendiri. Karena bukan anak-anak yang harus mengumpulkan harta untuk orang tuanya, melainkan orang tualah untuk anak-anaknya.</verse>
<verse osisID="2Cor.12.15"> Karena itu aku suka mengorbankan milikku, bahkan mengorbankan diriku untuk kamu. Jadi jika aku sangat mengasihi kamu, masakan aku semakin kurang dikasihi?</verse>
<verse osisID="2Cor.12.16"> Baiklah, aku sendiri tidak merupakan suatu beban bagi kamu, tetapi -- kamu katakan -- dalam kelicikanku aku telah menjerat kamu dengan tipu daya.</verse>
<verse osisID="2Cor.12.17"> Jadi pernahkah aku mengambil untung dari pada kamu oleh seorang dari antara mereka, yang kuutus kepada kamu?</verse>
<verse osisID="2Cor.12.18"> Memang aku telah meminta Titus untuk pergi dan bersama-sama dengan dia aku mengutus saudara yang lain itu. Adakah Titus mengambil untung dari pada kamu? Tidakkah kami berdua hidup menurut roh yang sama dan tidakkah kami berlaku menurut cara yang sama?</verse>
<verse osisID="2Cor.12.19"> Sudah lama agaknya kamu menyangka, bahwa kami hendak membela diri di depan kamu. Di hadapan Allah dan demi Kristus kami berkata: semua ini, saudara-saudaraku yang kekasih, terjadi untuk membangun iman kamu.</verse>
<verse osisID="2Cor.12.20"> Sebab aku kuatir, bahwa apabila aku datang aku mendapati kamu tidak seperti yang kuinginkan dan kamu mendapati aku tidak seperti yang kamu inginkan. Aku kuatir akan adanya perselisihan, iri hati, amarah, kepentingan diri sendiri, fitnah, bisik-bisikan, keangkuhan, dan kerusuhan.</verse>
<verse osisID="2Cor.12.21"> Aku kuatir, bahwa apabila aku datang lagi, Allahku akan merendahkan aku di depan kamu, dan bahwa aku akan berdukacita terhadap banyak orang yang di masa yang lampau berbuat dosa dan belum lagi bertobat dari kecemaran, percabulan dan ketidaksopanan yang mereka lakukan.</verse>
</chapter>
<chapter osisID="2Cor.13" chapterTitle="PASAL 13.">
<title type="chapter">PASAL 13.</title>
<verse osisID="2Cor.13.1"> Ini adalah untuk ketiga kalinya aku datang kepada kamu: Baru dengan keterangan dua atau tiga orang saksi suatu perkara sah.</verse>
<verse osisID="2Cor.13.2"> Kepada mereka, yang di masa yang lampau berbuat dosa, dan kepada semua orang lain, telah kukatakan terlebih dahulu dan aku akan mengatakannya sekali lagi -- sekarang pada waktu aku berjauhan dengan kamu tepat seperti pada waktu kedatanganku kedua kalinya -- bahwa aku tidak akan menyayangkan mereka pada waktu aku datang lagi.</verse>
<verse osisID="2Cor.13.3"> Karena kamu ingin suatu bukti, bahwa Kristus berkata-kata dengan perantaraan aku, dan Ia tidak lemah terhadap kamu, melainkan berkuasa di tengah-tengah kamu.</verse>
<verse osisID="2Cor.13.4"> Karena sekalipun Ia telah disalibkan oleh karena kelemahan, namun Ia hidup karena kuasa Allah. Memang kami adalah lemah di dalam Dia, tetapi kami akan hidup bersama-sama dengan Dia untuk kamu karena kuasa Allah.</verse>
<verse osisID="2Cor.13.5"> Ujilah dirimu sendiri, apakah kamu tetap tegak di dalam iman. Selidikilah dirimu! Apakah kamu tidak yakin akan dirimu, bahwa Kristus Yesus ada di dalam diri kamu? Sebab jika tidak demikian, kamu tidak tahan uji.</verse>
<verse osisID="2Cor.13.6"> Tetapi aku harap, bahwa kamu tahu, bahwa bukan kami yang tidak tahan uji.</verse>
<verse osisID="2Cor.13.7"> Kami berdoa kepada Allah, agar kamu jangan berbuat jahat bukan supaya kami ternyata tahan uji, melainkan supaya kamu ini boleh berbuat apa yang baik, sekalipun kami sendiri tampaknya tidak tahan uji.</verse>
<verse osisID="2Cor.13.8"> Karena kami tidak dapat berbuat apa-apa melawan kebenaran; yang dapat kami perbuat ialah untuk kebenaran.</verse>
<verse osisID="2Cor.13.9"> Sebab kami bersukacita, apabila kami lemah dan kamu kuat. Dan inilah yang kami doakan, yaitu supaya kamu menjadi sempurna.</verse>
<verse osisID="2Cor.13.10"> Itulah sebabnya sekali ini aku menulis kepada kamu ketika aku berjauhan dengan kamu, supaya bila aku berada di tengah-tengah kamu, aku tidak terpaksa bertindak keras menurut kuasa yang dianugerahkan Tuhan kepadaku untuk membangun dan bukan untuk meruntuhkan.</verse>
<verse osisID="2Cor.13.11"> Akhirnya, saudara-saudaraku, bersukacitalah, usahakanlah dirimu supaya sempurna. Terimalah segala nasihatku! Sehati sepikirlah kamu, dan hiduplah dalam damai sejahtera; maka Allah, sumber kasih dan damai sejahtera akan menyertai kamu!</verse>
<verse osisID="2Cor.13.12"> Berilah salam seorang kepada yang lain dengan cium yang kudus. Salam dari semua orang kudus kepada kamu.</verse>
<verse osisID="2Cor.13.13"> Kasih karunia Tuhan Yesus Kristus, dan kasih Allah, dan persekutuan Roh Kudus menyertai kamu sekalian.</verse>
</chapter>
</div>
