<div type="book" osisID="Phlm" canonical="true">
<title type="main">FILEMON</title>
<chapter osisID="Phlm.1" chapterTitle="PASAL 1.">
<title type="chapter">PASAL 1.</title>
<verse osisID="Phlm.1.1"> Dari Paulus, seorang hukuman karena Kristus Yesus dan dari Timotius saudara kita, kepada Filemon yang kekasih, teman sekerja kami</verse>
<verse osisID="Phlm.1.2"> dan kepada Apfia saudara perempuan kita dan kepada Arkhipus, teman seperjuangan kita dan kepada jemaat di rumahmu:</verse>
<verse osisID="Phlm.1.3"> Kasih karunia dan damai sejahtera dari Allah, Bapa kita dan dari Tuhan Yesus Kristus menyertai kamu.</verse>
<verse osisID="Phlm.1.4"> Aku mengucap syukur kepada Allahku, setiap kali aku mengingat engkau dalam doaku,</verse>
<verse osisID="Phlm.1.5"> karena aku mendengar tentang kasihmu kepada semua orang kudus dan tentang imanmu kepada Tuhan Yesus.</verse>
<verse osisID="Phlm.1.6"> Dan aku berdoa, agar persekutuanmu di dalam iman turut mengerjakan pengetahuan akan yang baik di antara kita untuk Kristus.</verse>
<verse osisID="Phlm.1.7"> Dari kasihmu sudah kuperoleh kegembiraan besar dan kekuatan, sebab hati orang-orang kudus telah kauhiburkan, saudaraku.</verse>
<verse osisID="Phlm.1.8"> Karena itu, sekalipun di dalam Kristus aku mempunyai kebebasan penuh untuk memerintahkan kepadamu apa yang harus engkau lakukan,</verse>
<verse osisID="Phlm.1.9"> tetapi mengingat kasihmu itu, lebih baik aku memintanya dari padamu. Aku, Paulus, yang sudah menjadi tua, lagipula sekarang dipenjarakan karena Kristus Yesus,</verse>
<verse osisID="Phlm.1.10"> mengajukan permintaan kepadamu mengenai anakku yang kudapat selagi aku dalam penjara, yakni Onesimus</verse>
<verse osisID="Phlm.1.11"> -- dahulu memang dia tidak berguna bagimu, tetapi sekarang sangat berguna baik bagimu maupun bagiku.</verse>
<verse osisID="Phlm.1.12"> Dia kusuruh kembali kepadamu -- dia, yaitu buah hatiku --.</verse>
<verse osisID="Phlm.1.13"> Sebenarnya aku mau menahan dia di sini sebagai gantimu untuk melayani aku selama aku dipenjarakan karena Injil,</verse>
<verse osisID="Phlm.1.14"> tetapi tanpa persetujuanmu, aku tidak mau berbuat sesuatu, supaya yang baik itu jangan engkau lakukan seolah-olah dengan paksa, melainkan dengan sukarela.</verse>
<verse osisID="Phlm.1.15"> Sebab mungkin karena itulah dia dipisahkan sejenak dari padamu, supaya engkau dapat menerimanya untuk selama-lamanya,</verse>
<verse osisID="Phlm.1.16"> bukan lagi sebagai hamba, melainkan lebih dari pada hamba, yaitu sebagai saudara yang kekasih, bagiku sudah demikian, apalagi bagimu, baik secara manusia maupun di dalam Tuhan.</verse>
<verse osisID="Phlm.1.17"> Kalau engkau menganggap aku temanmu seiman, terimalah dia seperti aku sendiri.</verse>
<verse osisID="Phlm.1.18"> Dan kalau dia sudah merugikan engkau ataupun berhutang padamu, tanggungkanlah semuanya itu kepadaku --</verse>
<verse osisID="Phlm.1.19"> aku, Paulus, menjaminnya dengan tulisan tanganku sendiri: Aku akan membayarnya -- agar jangan kukatakan: "Tanggungkanlah semuanya itu kepadamu!" -- karena engkau berhutang padaku, yaitu dirimu sendiri.</verse>
<verse osisID="Phlm.1.20"> Ya saudaraku, semoga engkau berguna bagiku di dalam Tuhan: Hiburkanlah hatiku di dalam Kristus!</verse>
<verse osisID="Phlm.1.21"> Dengan percaya kepada ketaatanmu, kutuliskan ini kepadamu. Aku tahu, lebih dari pada permintaanku ini akan kaulakukan.</verse>
<verse osisID="Phlm.1.22"> Dalam pada itu bersedialah juga memberi tumpangan kepadaku, karena aku harap oleh doamu aku akan dikembalikan kepadamu.</verse>
<verse osisID="Phlm.1.23"> Salam kepadamu dari Epafras, temanku sepenjara karena Kristus Yesus,</verse>
<verse osisID="Phlm.1.24"> dan dari Markus, Aristarkhus, Demas dan Lukas, teman-teman sekerjaku.</verse>
<verse osisID="Phlm.1.25"> Kasih karunia Tuhan Yesus Kristus menyertai roh kamu!</verse>
</chapter>
</div>
