<div type="book" osisID="Nah" canonical="true">
<title type="main">NAHUM</title>
<chapter osisID="Nah.1" chapterTitle="PASAL 1.">
<title type="chapter">PASAL 1.</title>
<verse osisID="Nah.1.1"> Ucapan ilahi tentang Niniwe. Kitab penglihatan Nahum, orang Elkosh.</verse>
<verse osisID="Nah.1.2"> TUHAN itu Allah yang cemburu dan pembalas, TUHAN itu pembalas dan penuh kehangatan amarah. TUHAN itu pembalas kepada para lawan-Nya dan pendendam kepada para musuh-Nya.</verse>
<verse osisID="Nah.1.3"> TUHAN itu panjang sabar dan besar kuasa, tetapi Ia tidak sekali-kali membebaskan dari hukuman orang yang bersalah. Ia berjalan dalam puting beliung dan badai, dan awan adalah debu kaki-Nya.</verse>
<verse osisID="Nah.1.4"> Ia menghardik laut dan mengeringkannya, dan segala sungai dijadikan-Nya kering. Basan dan Karmel menjadi merana dan kembang Libanon menjadi layu.</verse>
<verse osisID="Nah.1.5"> Gunung-gunung gemetar terhadap Dia, dan bukit-bukit mencair. Bumi menjadi sunyi sepi di hadapan-Nya, dunia serta seluruh penduduknya.</verse>
<verse osisID="Nah.1.6"> Siapakah yang tahan berdiri menghadapi geram-Nya? Dan siapakah yang tahan tegak terhadap murka-Nya yang bernyala-nyala? Kehangatan amarah-Nya tercurah seperti api, dan gunung-gunung batu menjadi roboh di hadapan-Nya.</verse>
<verse osisID="Nah.1.7"> TUHAN itu baik; Ia adalah tempat pengungsian pada waktu kesusahan; Ia mengenal orang-orang yang berlindung kepada-Nya</verse>
<verse osisID="Nah.1.8"> dan menyeberangkan mereka pada waktu banjir. Ia menghabisi sama sekali orang-orang yang bangkit melawan Dia, dan musuh-Nya dihalau-Nya ke dalam gelap.</verse>
<verse osisID="Nah.1.9"> Apakah maksudmu menentang TUHAN? Ia akan menghabisi sama sekali; kesengsaraan tidak akan timbul dua kali!</verse>
<verse osisID="Nah.1.10"> Sebab mereka pun akan lenyap seperti duri yang berjalin-jalin, dimakan habis seperti jerami kering.</verse>
<verse osisID="Nah.1.11"> Bukankah dari padamu muncul orang yang merancang kejahatan terhadap TUHAN, orang yang memberi nasihat dursila?</verse>
<verse osisID="Nah.1.12"> Beginilah firman TUHAN: "Sekalipun mereka utuh dan begitu banyak jumlahnya, tetapi mereka akan hilang terbabat dan mati binasa; sekalipun Aku telah merendahkan engkau, tetapi Aku tidak akan merendahkan engkau lagi.</verse>
<verse osisID="Nah.1.13"> Sekarang, Aku akan mematahkan gandarnya yang memberati engkau, dan akan memutuskan belenggu-belenggu yang mengikat engkau."</verse>
<verse osisID="Nah.1.14"> Terhadap engkau, inilah perintah TUHAN: "Tidak akan ada lagi keturunan dengan namamu. Dari rumah allahmu Aku akan melenyapkan patung pahatan dan patung tuangan; kuburmu akan Kusediakan, sebab engkau hina."</verse>
<verse osisID="Nah.1.15"> Lihatlah! Di atas gunung-gunung berjalan orang yang membawa berita, yang mengabarkan berita damai sejahtera. Rayakanlah hari rayamu, hai Yehuda, bayarlah nazarmu! Sebab tidak akan datang lagi orang dursila menyerang engkau; ia telah dilenyapkan sama sekali!</verse>
</chapter>
<chapter osisID="Nah.2" chapterTitle="PASAL 2.">
<title type="chapter">PASAL 2.</title>
<verse osisID="Nah.2.1"> Pembongkar maju terhadap engkau; adakan penjagaan di benteng, mengintailah di jalan, ikatlah pinggangmu teguh-teguh, kumpulkanlah segala kekuatan!</verse>
<verse osisID="Nah.2.2"> Sungguh, TUHAN memulihkan kebanggaan Yakub, seperti kebanggaan Israel; sebab perusak telah merusakkannya dan telah membinasakan carang-carangnya.</verse>
<verse osisID="Nah.2.3"> Perisai para pahlawannya berwarna merah, prajuritnya berpakaian kirmizi; kereta berkilat-kilat seperti api suluh pada hari ia melengkapinya, dan kuda-kuda penuh gelisah.</verse>
<verse osisID="Nah.2.4"> Kereta melaju galak di jalan, kejar-mengejar di lapangan; kelihatannya seperti suluh, berpacu seperti kilat.</verse>
<verse osisID="Nah.2.5"> Pasukan-pasukan istimewa dikerahkan, mereka tersandung jatuh di waktu berjalan maju; mereka lari terburu-buru ke arah tembok kota, sedang alat pendobrak sudah ditegakkan.</verse>
<verse osisID="Nah.2.6"> Pintu-pintu di sungai-sungai telah dibuka, dan istana menjadi gempar.</verse>
<verse osisID="Nah.2.7"> Permaisuri dibawa ke luar dan ditelanjangi dan dayang-dayangnya mengerang, mengaduh seperti suara merpati sambil memukul-mukul dada.</verse>
<verse osisID="Nah.2.8"> Niniwe sendiri seperti kolam air yang airnya mengalir ke luar. "Berhenti! Berhenti!" teriak orang, tetapi tidak ada yang berpaling.</verse>
<verse osisID="Nah.2.9"> Jarahlah perak, jarahlah emas! Sebab tidak berkesudahan persediaan harta benda, kelimpahan segala barang yang indah-indah!</verse>
<verse osisID="Nah.2.10"> Ketandusan, penandusan dan penindasan! Hati menjadi tawar dan lutut goyah! Segenap pinggang gemetar, dan muka sekalian orang menjadi pucat pasi.</verse>
<verse osisID="Nah.2.11"> Di mana gerangan persembunyian singa dan gua singa-singa muda, tempat singa pulang pergi, tempat anak singa, di mana tidak ada yang mengganggunya?</verse>
<verse osisID="Nah.2.12"> Biasanya singa itu menerkam supaya cukup makan anak-anaknya, mencekik mangsa bagi betina-betinanya, dan memenuhi liangnya dengan mangsa dan persembunyiannya dengan terkaman.</verse>
<verse osisID="Nah.2.13"> Lihat, Aku akan menjadi lawanmu, demikianlah firman TUHAN semesta alam, Aku akan membakar keretamu menjadi asap, dan pedang akan memakan habis singa mudamu; Aku akan melenyapkan mangsamu dari atas bumi, dan suara utusan-utusanmu tidak akan terdengar lagi.</verse>
</chapter>
<chapter osisID="Nah.3" chapterTitle="PASAL 3.">
<title type="chapter">PASAL 3.</title>
<verse osisID="Nah.3.1"> Celakalah kota penumpah darah itu! Seluruhnya dusta belaka, penuh dengan perampasan, dan tidak henti-hentinya penerkaman!</verse>
<verse osisID="Nah.3.2"> Dengar, lecut cambuk dan derak-derik roda! Dengar, kuda lari menderap, dan kereta meloncat-loncat!</verse>
<verse osisID="Nah.3.3"> Pasukan berkuda menyerang, pedang bernyala-nyala dan tombak berkilat-kilat! Banyak yang mati terbunuh dan bangkai bertimbun-timbun! Tidak habis-habisnya mayat-mayat, orang tersandung jatuh pada mayat-mayat!</verse>
<verse osisID="Nah.3.4"> Semuanya karena banyaknya persundalan si perempuan sundal, yang cantik parasnya dan ahli dalam sihir, yang memperdayakan bangsa-bangsa dengan persundalannya dan kaum-kaum dengan sihirnya.</verse>
<verse osisID="Nah.3.5"> Lihat, Aku akan menjadi lawanmu, demikianlah firman TUHAN semesta alam; Aku akan mengangkat ujung kainmu sampai ke mukamu dan akan memperlihatkan auratmu kepada bangsa-bangsa dan kemaluanmu kepada kerajaan-kerajaan.</verse>
<verse osisID="Nah.3.6"> Aku akan melemparkan barang keji ke atasmu, akan menghina engkau dan akan membuat engkau menjadi tontonan.</verse>
<verse osisID="Nah.3.7"> Maka semua orang yang melihat engkau akan lari meninggalkan engkau serta berkata: "Niniwe sudah rusak! Siapakah yang meratapi dia? Dari manakah aku akan mencari penghibur-penghibur untuk dia?"</verse>
<verse osisID="Nah.3.8"> Adakah engkau lebih baik dari Tebe, kota dewa Amon, yang letaknya di sungai Nil, dengan air sekelilingnya, yang tembok kotanya adalah laut, dan bentengnya adalah air?</verse>
<verse osisID="Nah.3.9"> Etiopia adalah kekuatannya, juga Mesir, dengan tidak terbatas; Put dan orang-orang Libia adalah pembantunya.</verse>
<verse osisID="Nah.3.10"> Tetapi dia sendiri pun terpaksa pergi ke dalam pembuangan, terpaksa masuk ke dalam tawanan. Bayi-bayinya pun diremukkan di ujung segala jalan; tentang semua orangnya yang dihormati dibuang undi, dan semua pembesarnya dibelenggu dengan rantai.</verse>
<verse osisID="Nah.3.11"> Engkau pun akan menjadi mabuk, akan menjadi tidak berdaya; engkau pun akan mencari tempat perlindungan terhadap musuh.</verse>
<verse osisID="Nah.3.12"> Segala kubumu adalah seperti pohon ara dengan buah ara yang masak duluan; jika diayunkan, maka jatuhlah buahnya ke dalam mulut orang yang hendak memakannya.</verse>
<verse osisID="Nah.3.13"> Sesungguhnya, laskar yang di tengah-tengahmu itu adalah perempuan-perempuan; pintu-pintu gerbang negerimu terbuka lebar-lebar untuk musuhmu; api telah memakan habis palang pintumu.</verse>
<verse osisID="Nah.3.14"> Timbalah air menghadapi pengepungan, perkuatlah kubu-kubumu! Pijaklah lumpur, injaklah tanah liat, peganglah acuan batu bata!</verse>
<verse osisID="Nah.3.15"> Di sana api akan memakan engkau habis, pedang akan membabat engkau, akan memakan engkau seperti belalang pelompat. Sekalipun engkau berjumlah besar seperti belalang pelompat, berjumlah besar seperti belalang pindahan,</verse>
<verse osisID="Nah.3.16"> sekalipun kauperbanyak orang-orang dagangmu lebih dari bintang-bintang di langit, seperti belalang pelompat mereka mengembangkan sayap dan terbang menghilang.</verse>
<verse osisID="Nah.3.17"> Sekalipun para penjagamu seperti belalang pindahan dan para pegawaimu seperti kawanan belalang, yang hinggap pada tembok-tembok pada waktu dingin, namun jika matahari terbit, mereka lari menghilang, tidak ketahuan tempatnya.</verse>
<verse osisID="Nah.3.18"> Celaka! Alangkah terlelapnya para gembalamu, hai raja negeri Asyur! Para pemukamu tertidur, laskarmu berserak-serak di gunung-gunung, dan tidak ada yang mengumpulkan.</verse>
<verse osisID="Nah.3.19"> Tiada pengobatan untuk cederamu, lukamu tidak tersembuhkan. Semua orang yang mendengar tentang engkau bertepuk tangan karena engkau; sebab kepada siapakah tidak tertimpa perbuatan jahatmu terus-menerus?</verse>
</chapter>
</div>
