<div type="book" osisID="Obad" canonical="true">
<title type="main">OBAJA</title>
<chapter osisID="Obad.1" chapterTitle="PASAL 1.">
<title type="chapter">PASAL 1.</title>
<verse osisID="Obad.1.1"> Penglihatan Obaja. Beginilah firman Tuhan ALLAH tentang Edom -- suatu kabar telah kami dengar dari TUHAN, seorang utusan telah disuruh ke tengah bangsa-bangsa: "Bangunlah, marilah kita bangkit memeranginya!" --</verse>
<verse osisID="Obad.1.2"> Sesungguhnya, Aku membuat engkau kecil di antara bangsa-bangsa, engkau dihinakan sangat.</verse>
<verse osisID="Obad.1.3"> Keangkuhan hatimu telah memperdayakan engkau, ya engkau yang tinggal di liang-liang batu, di tempat kediamanmu yang tinggi; engkau yang berkata dalam hatimu: "Siapakah yang sanggup menurunkan aku ke bumi?"</verse>
<verse osisID="Obad.1.4"> Sekalipun engkau terbang tinggi seperti burung rajawali, bahkan, sekalipun sarangmu ditempatkan di antara bintang-bintang, dari sana pun Aku akan menurunkan engkau, -- demikianlah firman TUHAN.</verse>
<verse osisID="Obad.1.5"> Jika malam-malam pencuri atau perampok datang kepadamu -- betapa engkau dibinasakannya -- bukankah mereka akan mencuri seberapa yang diperlukannya? Jika pemetik buah anggur datang kepadamu, bukankah mereka akan meninggalkan sisa-sisa pemetikannya?</verse>
<verse osisID="Obad.1.6"> Betapa kaum Esau digeledah, betapa harta bendanya yang tersembunyi dicari-cari!</verse>
<verse osisID="Obad.1.7"> Sampai ke tapal batas engkau diusir oleh semua teman sekutumu; engkau diperdayakan, dikalahkan oleh sahabat-sahabatmu. Siapa yang makan sehidangan dengan engkau memasang jerat terhadap engkau. -- Tidak ada pengertian padanya.</verse>
<verse osisID="Obad.1.8"> Bukankah pada waktu itu, demikianlah firman TUHAN, Aku akan melenyapkan orang-orang bijaksana dari Edom, dan pengertian dari pegunungan Esau?</verse>
<verse osisID="Obad.1.9"> Juga para pahlawanmu, hai Teman, akan tertegun, supaya semua orang di pegunungan Esau lenyap terbunuh.</verse>
<verse osisID="Obad.1.10"> Karena kekerasan terhadap saudaramu Yakub, maka cela akan meliputi engkau, dan engkau akan dilenyapkan untuk selama-lamanya.</verse>
<verse osisID="Obad.1.11"> Pada waktu engkau berdiri di kejauhan, sedang orang-orang luar mengangkut kekayaan Yerusalem dan orang-orang asing memasuki pintu gerbangnya dan membuang undi atasnya, engkau pun seperti salah seorang dari mereka itu.</verse>
<verse osisID="Obad.1.12"> Janganlah memandang rendah saudaramu, pada hari kemalangannya, dan janganlah bersukacita atas keturunan Yehuda pada hari kebinasaannya; dan janganlah membual pada hari kesusahannya.</verse>
<verse osisID="Obad.1.13"> Janganlah masuk ke pintu gerbang umat-Ku pada hari sialnya, bahkan janganlah memandang ringan malapetaka yang menimpanya pada hari sialnya; dan janganlah merenggut kekayaannya pada hari sialnya.</verse>
<verse osisID="Obad.1.14"> Janganlah berdiri di persimpangan untuk melenyapkan orang-orangnya yang luput, dan janganlah serahkan orang-orangnya yang terlepas pada hari kesusahan.</verse>
<verse osisID="Obad.1.15"> Sebab telah dekat hari TUHAN menimpa segala bangsa. Seperti yang engkau lakukan, demikianlah akan dilakukan kepadamu, perbuatanmu akan kembali menimpa kepalamu sendiri.</verse>
<verse osisID="Obad.1.16"> Sesungguhnya, seperti kamu telah minum di atas gunung-Ku yang kudus, segala bangsa pun akan minum dengan tidak henti-hentinya; bahkan, mereka akan minum dengan lahap, dan mereka akan menjadi seakan-akan mereka tidak pernah ada.</verse>
<verse osisID="Obad.1.17"> Tetapi di gunung Sion akan ada orang-orang yang terluput, dan gunung itu akan menjadi tempat kudus; dan kaum keturunan Yakub akan memiliki pula tanah miliknya.</verse>
<verse osisID="Obad.1.18"> Kaum keturunan Yakub akan menjadi api dan kaum keturunan Yusuf menjadi nyala api, dan kaum keturunan Esau menjadi tunggul gandum: mereka akan membakar dan memakan habis sekaliannya, dan dari kaum keturunan Esau tidak ada seorang pun yang terlepas, sebab TUHANlah yang berfirman demikian.</verse>
<verse osisID="Obad.1.19"> Maka orang-orang Tanah Negeb akan memiliki pegunungan Esau, dan orang-orang Daerah Bukit akan memiliki tanah orang Filistin. Mereka akan memiliki daerah Efraim dan daerah Samaria, dan suku Benyamin akan memiliki daerah Gilead.</verse>
<verse osisID="Obad.1.20"> Orang-orang Israel yang diangkut ke dalam pembuangan akan memiliki tanah orang Kanaan sampai ke Zarfat; dan orang-orang Yerusalem yang diangkut ke dalam pembuangan, yang ada di Sefarad, akan memiliki kota-kota di Tanah Negeb.</verse>
<verse osisID="Obad.1.21"> Penyelamat-penyelamat akan naik ke atas gunung Sion untuk menghukumkan pegunungan Esau; maka TUHANlah yang akan empunya kerajaan itu.</verse>
</chapter>
</div>
