﻿<div type="book" osisID="Jude" canonical="true">
<title type="main">YUDAS</title>
<chapter osisID="Jude.1" chapterTitle="PASAL 1.">
<title type="chapter">PASAL 1.</title>
<verse osisID="Jude.1.1"> Dari Yudas, hamba Yesus Kristus dan saudara Yakobus, kepada mereka, yang terpanggil, yang dikasihi dalam Allah Bapa, dan yang dipelihara untuk Yesus Kristus.</verse>
<verse osisID="Jude.1.2"> Rahmat, damai sejahtera dan kasih kiranya melimpahi kamu.</verse>
<verse osisID="Jude.1.3"> Saudara-saudaraku yang kekasih, sementara aku bersungguh-sungguh berusaha menulis kepada kamu tentang keselamatan kita bersama, aku merasa terdorong untuk menulis ini kepada kamu dan menasihati kamu, supaya kamu tetap berjuang untuk mempertahankan iman yang telah disampaikan kepada orang-orang kudus.</verse>
<verse osisID="Jude.1.4"> Sebab ternyata ada orang tertentu yang telah masuk menyelusup di tengah-tengah kamu, yaitu orang-orang yang telah lama ditentukan untuk dihukum. Mereka adalah orang-orang yang fasik, yang menyalahgunakan kasih karunia Allah kita untuk melampiaskan hawa nafsu mereka, dan yang menyangkal satu-satunya Penguasa dan Tuhan kita, Yesus Kristus.</verse>
<verse osisID="Jude.1.5"> Tetapi, sekalipun kamu telah mengetahui semuanya itu dan tidak meragukannya lagi, aku ingin mengingatkan kamu bahwa memang Tuhan menyelamatkan umat-Nya dari tanah Mesir, namun sekali lagi membinasakan mereka yang tidak percaya.</verse>
<verse osisID="Jude.1.6"> Dan bahwa Ia menahan malaikat-malaikat yang tidak taat pada batas-batas kekuasaan mereka, tetapi yang meninggalkan tempat kediaman mereka, dengan belenggu abadi di dalam dunia kekelaman sampai penghakiman pada hari besar,</verse>
<verse osisID="Jude.1.7"> sama seperti Sodom dan Gomora dan kota-kota sekitarnya, yang dengan cara yang sama melakukan percabulan dan mengejar kepuasan-kepuasan yang tak wajar, telah menanggung siksaan api kekal sebagai peringatan kepada semua orang.</verse>
<verse osisID="Jude.1.8"> Namun demikian orang-orang yang bermimpi-mimpian ini juga mencemarkan tubuh mereka dan menghina kekuasaan Allah serta menghujat semua yang mulia di sorga.</verse>
<verse osisID="Jude.1.9"> Tetapi penghulu malaikat, Mikhael, ketika dalam suatu perselisihan bertengkar dengan Iblis mengenai mayat Musa, tidak berani menghakimi Iblis itu dengan kata-kata hujatan, tetapi berkata: "Kiranya Tuhan menghardik engkau!"</verse>
<verse osisID="Jude.1.10"> Akan tetapi mereka menghujat segala sesuatu yang tidak mereka ketahui dan justru apa yang mereka ketahui dengan nalurinya seperti binatang yang tidak berakal, itulah yang mengakibatkan kebinasaan mereka.</verse>
<verse osisID="Jude.1.11"> Celakalah mereka, karena mereka mengikuti jalan yang ditempuh Kain dan karena mereka, oleh sebab upah, menceburkan diri ke dalam kesesatan Bileam, dan mereka binasa karena kedurhakaan seperti Korah.</verse>
<verse osisID="Jude.1.12"> Mereka inilah noda dalam perjamuan kasihmu, di mana mereka tidak malu-malu melahap dan hanya mementingkan dirinya sendiri; mereka bagaikan awan yang tak berair, yang berlalu ditiup angin; mereka bagaikan pohon-pohon yang dalam musim gugur tidak menghasilkan buah, pohon-pohon yang terbantun dengan akar-akarnya dan yang mati sama sekali.</verse>
<verse osisID="Jude.1.13"> Mereka bagaikan ombak laut yang ganas, yang membuihkan keaiban mereka sendiri; mereka bagaikan bintang-bintang yang baginya telah tersedia tempat di dunia kekelaman untuk selama-lamanya.</verse>
<verse osisID="Jude.1.14"> Juga tentang mereka Henokh, keturunan ketujuh dari Adam, telah bernubuat, katanya: "Sesungguhnya Tuhan datang dengan beribu-ribu orang kudus-Nya,</verse>
<verse osisID="Jude.1.15"> hendak menghakimi semua orang dan menjatuhkan hukuman atas orang-orang fasik karena semua perbuatan fasik, yang mereka lakukan dan karena semua kata-kata nista, yang diucapkan orang-orang berdosa yang fasik itu terhadap Tuhan."</verse>
<verse osisID="Jude.1.16"> Mereka itu orang-orang yang menggerutu dan mengeluh tentang nasibnya, hidup menuruti hawa nafsunya, tetapi mulut mereka mengeluarkan perkataan-perkataan yang bukan-bukan dan mereka menjilat orang untuk mendapat keuntungan.</verse>
<verse osisID="Jude.1.17"> Tetapi kamu, saudara-saudaraku yang kekasih, ingatlah akan apa yang dahulu telah dikatakan kepada kamu oleh rasul-rasul Tuhan kita, Yesus Kristus.</verse>
<verse osisID="Jude.1.18"> Sebab mereka telah mengatakan kepada kamu: "Menjelang akhir zaman akan tampil pengejek-pengejek yang akan hidup menuruti hawa nafsu kefasikan mereka."</verse>
<verse osisID="Jude.1.19"> Mereka adalah pemecah belah yang dikuasai hanya oleh keinginan-keinginan dunia ini dan yang hidup tanpa Roh Kudus.</verse>
<verse osisID="Jude.1.20"> Akan tetapi kamu, saudara-saudaraku yang kekasih, bangunlah dirimu sendiri di atas dasar imanmu yang paling suci dan berdoalah dalam Roh Kudus.</verse>
<verse osisID="Jude.1.21"> Peliharalah dirimu demikian dalam kasih Allah sambil menantikan rahmat Tuhan kita, Yesus Kristus, untuk hidup yang kekal.</verse>
<verse osisID="Jude.1.22"> Tunjukkanlah belas kasihan kepada mereka yang ragu-ragu,</verse>
<verse osisID="Jude.1.23"> selamatkanlah mereka dengan jalan merampas mereka dari api. Tetapi tunjukkanlah belas kasihan yang disertai ketakutan kepada orang-orang lain juga, dan bencilah pakaian mereka yang dicemarkan oleh keinginan-keinginan dosa.</verse>
<verse osisID="Jude.1.24"> Bagi Dia, yang berkuasa menjaga supaya jangan kamu tersandung dan yang membawa kamu dengan tak bernoda dan penuh kegembiraan di hadapan kemuliaan-Nya,</verse>
<verse osisID="Jude.1.25"> Allah yang esa, Juruselamat kita oleh Yesus Kristus, Tuhan kita, bagi Dia adalah kemuliaan, kebesaran, kekuatan dan kuasa sebelum segala abad dan sekarang dan sampai selama-lamanya. Amin.</verse>
</chapter>
</div>
