<div type="book" osisID="Zeph" canonical="true">
<title type="main">ZEFANYA</title>
<chapter osisID="Zeph.1" chapterTitle="PASAL 1.">
<title type="chapter">PASAL 1.</title>
<verse osisID="Zeph.1.1"> Firman TUHAN yang datang kepada Zefanya bin Kusyi bin Gedalya bin Amarya bin Hizkia dalam zaman Yosia bin Amon, raja Yehuda.</verse>
<verse osisID="Zeph.1.2"> "Aku akan menyapu bersih segala-galanya dari atas muka bumi, demikianlah firman TUHAN.</verse>
<verse osisID="Zeph.1.3"> Aku akan menyapu manusia dan hewan; Aku akan menyapu burung-burung di udara dan ikan-ikan di laut. Aku akan merebahkan orang-orang fasik dan akan melenyapkan manusia dari atas muka bumi, demikianlah firman TUHAN.</verse>
<verse osisID="Zeph.1.4"> Aku akan mengacungkan tangan-Ku terhadap Yehuda dan terhadap segenap penduduk Yerusalem. Aku akan melenyapkan dari tempat ini sisa-sisa Baal dan nama para imam berhala,</verse>
<verse osisID="Zeph.1.5"> juga mereka yang sujud menyembah di atas sotoh kepada tentara langit dan mereka yang menyembah dengan bersumpah setia kepada TUHAN, namun di samping itu bersumpah demi Dewa Milkom,</verse>
<verse osisID="Zeph.1.6"> serta mereka yang berbalik dari pada TUHAN, yang tidak mencari TUHAN dan tidak menanyakan petunjuk-Nya."</verse>
<verse osisID="Zeph.1.7"> Berdiam dirilah di hadapan Tuhan ALLAH! Sebab hari TUHAN sudah dekat. Sungguh TUHAN telah menyediakan perjamuan korban dan telah menguduskan para undangan-Nya.</verse>
<verse osisID="Zeph.1.8"> "Pada hari perjamuan korban TUHAN itu Aku akan menghukum para pemuka, para anak-anak raja dan semua orang yang memakai pakaian asing.</verse>
<verse osisID="Zeph.1.9"> Aku akan menghukum pada hari itu semua orang yang melompati ambang pintu dan memenuhi istana tuan mereka dengan kekerasan dan penipuan.</verse>
<verse osisID="Zeph.1.10"> Maka pada hari itu, demikianlah firman TUHAN, akan terdengar teriakan dari Pintu Gerbang Ikan dan ratapan dari perkampungan baru dan bunyi keruntuhan hebat dari bukit-bukit.</verse>
<verse osisID="Zeph.1.11"> Merataplah, hai penduduk perkampungan Lumpang! Sebab telah habis segenap kaum pedagang, telah lenyap segenap penimbang perak.</verse>
<verse osisID="Zeph.1.12"> Pada waktu itu Aku akan menggeledah Yerusalem dengan memakai obor dan akan menghukum orang-orang yang telah mengental seperti anggur di atas endapannya dan yang berkata dalam hatinya: TUHAN tidak berbuat baik dan tidak berbuat jahat!</verse>
<verse osisID="Zeph.1.13"> Maka harta kekayaannya akan dirampas dan rumah-rumahnya akan menjadi sunyi sepi. Apabila mereka mendirikan rumah, mereka tidak akan mendiaminya; apabila mereka membuat kebun anggur, mereka tidak akan minum anggurnya."</verse>
<verse osisID="Zeph.1.14"> Sudah dekat hari TUHAN yang hebat itu, sudah dekat dan datang dengan cepat sekali! Dengar, hari TUHAN pahit, pahlawan pun akan menangis.</verse>
<verse osisID="Zeph.1.15"> Hari kegemasan hari itu, hari kesusahan dan kesulitan, hari kemusnahan dan pemusnahan, hari kegelapan dan kesuraman, hari berawan dan kelam,</verse>
<verse osisID="Zeph.1.16"> hari peniupan sangkakala dan pekik tempur terhadap kota-kota yang berkubu dan terhadap menara penjuru yang tinggi.</verse>
<verse osisID="Zeph.1.17"> Aku akan menyusahkan manusia, sehingga mereka berjalan seperti orang buta, sebab mereka telah berdosa kepada TUHAN. Darah mereka akan tercurah seperti debu dan usus mereka seperti tahi.</verse>
<verse osisID="Zeph.1.18"> Mereka tidak dapat diselamatkan oleh perak atau emas mereka pada hari kegemasan TUHAN, dan seluruh bumi akan dimakan habis oleh api cemburu-Nya; sebab kebinasaan, malah kebinasaan dahsyat diadakan-Nya terhadap segenap penduduk bumi.</verse>
</chapter>
<chapter osisID="Zeph.2" chapterTitle="PASAL 2.">
<title type="chapter">PASAL 2.</title>
<verse osisID="Zeph.2.1"> Bersemangatlah dan berkumpullah, hai bangsa yang acuh tak acuh,</verse>
<verse osisID="Zeph.2.2"> sebelum kamu dihalau seperti sekam yang tertiup, sebelum datang ke atasmu murka TUHAN yang bernyala-nyala itu, sebelum datang ke atasmu hari kemurkaan TUHAN.</verse>
<verse osisID="Zeph.2.3"> Carilah TUHAN, hai semua orang yang rendah hati di negeri, yang melakukan hukum-Nya; carilah keadilan, carilah kerendahan hati; mungkin kamu akan terlindung pada hari kemurkaan TUHAN.</verse>
<verse osisID="Zeph.2.4"> Sebab Gaza akan ditinggalkan orang dan Askelon akan menjadi sunyi; Asdod akan dihalau penduduknya pada rembang tengah hari dan Ekron akan dibongkar-bangkirkan.</verse>
<verse osisID="Zeph.2.5"> Celakalah kamu penduduk Daerah Tepi Laut, kamu bangsa Kreti! Terhadap kamulah firman TUHAN ini: Hai Kanaan, tanah orang Filistin! Aku akan membinasakan engkau, sehingga tidak ada lagi pendudukmu.</verse>
<verse osisID="Zeph.2.6"> Daerah Tepi Laut akan menjadi tempat kediaman bagi gembala-gembala dan kandang berpagar bagi kambing domba.</verse>
<verse osisID="Zeph.2.7"> Daerah Pinggir Laut akan menjadi kepunyaan sisa-sisa kaum Yehuda. Mereka akan merumput di sana dan berbaring di rumah-rumah Askelon pada malam hari; sebab TUHAN, Allah mereka, akan memperhatikan mereka dan akan memulihkan keadaan mereka.</verse>
<verse osisID="Zeph.2.8"> "Aku telah mendengar pencelaan dari pihak Moab dan kata-kata nista dari pihak bani Amon, bagaimana mereka mencela umat-Ku dan membesarkan dirinya terhadap daerah umat-Ku itu.</verse>
<verse osisID="Zeph.2.9"> Sebab itu, demi Aku yang hidup -- demikianlah firman TUHAN semesta alam, Allah Israel -- maka Moab akan menjadi seperti Sodom dan bani Amon seperti Gomora, yakni menjadi padang jeruju dan tempat penggalian garam dan tempat sunyi sepi sampai selama-lamanya. Sisa-sisa umat-Ku akan menjarah mereka dan yang masih tinggal dari bangsa-Ku itu akan memiliki mereka sebagai warisan."</verse>
<verse osisID="Zeph.2.10"> Inilah yang menjadi bagian mereka sebagai ganti kecongkakan mereka, sebab mereka telah mencela dan membesarkan diri terhadap umat TUHAN semesta alam.</verse>
<verse osisID="Zeph.2.11"> TUHAN akan mendahsyatkan mereka, sebab Ia akan melenyapkan para allah di bumi, dan kepada-Nya akan sujud menyembah setiap bangsa daerah pesisir, masing-masing dari tempatnya.</verse>
<verse osisID="Zeph.2.12"> Kamu pun, hai orang Etiopia, akan mati tertikam oleh pedang-Ku.</verse>
<verse osisID="Zeph.2.13"> Ia akan mengacungkan tangan-Nya terhadap Utara, akan membinasakan Asyur, dan akan membuat Niniwe menjadi tempat yang sunyi sepi, kering seperti padang gurun.</verse>
<verse osisID="Zeph.2.14"> Dan di tengah-tengahnya akan berbaring kawanan binatang, yakni segala macam binatang hutan; baik burung undan maupun burung bangau akan bermalam di hulu tiangnya; burung ponggok akan berbunyi di tingkap, burung gagak di ambang pintu: Pemapan dari kayu aras telah tersingkap!</verse>
<verse osisID="Zeph.2.15"> Itulah kota yang beria-ria yang penduduknya begitu tenteram dan yang berkata dalam hatinya: "Hanya ada aku dan tidak ada yang lain!" Betapa dia sudah menjadi tempat yang tandus, tempat pembaringan bagi binatang-binatang liar. Setiap orang yang lewat dari padanya akan bersuit dan mengayun-ayunkan tangannya.</verse>
</chapter>
<chapter osisID="Zeph.3" chapterTitle="PASAL 3.">
<title type="chapter">PASAL 3.</title>
<verse osisID="Zeph.3.1"> Celakalah si pemberontak dan si cemar, hai kota yang penuh penindasan!</verse>
<verse osisID="Zeph.3.2"> Ia tidak mau mendengarkan teguran siapa pun dan tidak mempedulikan kecaman; kepada TUHAN ia tidak percaya dan kepada Allahnya ia tidak menghadap.</verse>
<verse osisID="Zeph.3.3"> Para pemukanya di tengah-tengahnya adalah singa yang mengaum; para hakimnya adalah serigala pada waktu malam yang tidak meninggalkan apa pun sampai pagi hari.</verse>
<verse osisID="Zeph.3.4"> Para nabinya adalah orang-orang ceroboh dan pengkhianat; para imamnya menajiskan apa yang kudus, memperkosa hukum Taurat.</verse>
<verse osisID="Zeph.3.5"> Tetapi TUHAN adil di tengah-tengahnya, tidak berbuat kelaliman. Pagi demi pagi Ia memberi hukum-Nya; itu tidak pernah ketinggalan pada waktu fajar. Tetapi orang lalim tidak kenal malu!</verse>
<verse osisID="Zeph.3.6"> "Aku telah melenyapkan bangsa-bangsa; menara-menara penjuru mereka telah musnah. Aku telah merusakkan jalan-jalannya, sehingga tidak ada orang yang lewat. Kota-kota mereka telah ditanduskan, sehingga tidak ada orang dan tidak ada penduduk.</verse>
<verse osisID="Zeph.3.7"> Aku sangka: Tentulah ia sekarang akan takut kepada-Ku, akan mempedulikan kecaman dan segala yang Kutugaskan kepadanya tidak akan lenyap dari penglihatannya. Tetapi sesungguhnya mereka makin giat menjadikan busuk perbuatan mereka.</verse>
<verse osisID="Zeph.3.8"> Oleh karena itu tunggulah Aku -- demikianlah firman TUHAN -- pada hari Aku bangkit sebagai saksi. Sebab keputusan-Ku ialah mengumpulkan bangsa-bangsa dan menghimpunkan kerajaan-kerajaan untuk menumpahkan ke atas mereka geram-Ku, yakni segenap murka-Ku yang bernyala-nyala, sebab seluruh bumi akan dimakan habis oleh api cemburu-Ku."</verse>
<verse osisID="Zeph.3.9"> "Tetapi sesudah itu Aku akan memberikan bibir lain kepada bangsa-bangsa, yakni bibir yang bersih, supaya sekaliannya mereka memanggil nama TUHAN, beribadah kepada-Nya dengan bahu-membahu.</verse>
<verse osisID="Zeph.3.10"> Dari seberang sungai-sungai negeri Etiopia orang-orang yang memuja Aku, yang terserak-serak, akan membawa persembahan kepada-Ku.</verse>
<verse osisID="Zeph.3.11"> Pada hari itu engkau tidak akan mendapat malu karena segala perbuatan durhaka yang kaulakukan terhadap Aku, sebab pada waktu itu Aku akan menyingkirkan dari padamu orang-orangmu yang ria congkak, dan engkau tidak akan lagi meninggikan dirimu di gunung-Ku yang kudus.</verse>
<verse osisID="Zeph.3.12"> Di antaramu akan Kubiarkan hidup suatu umat yang rendah hati dan lemah, dan mereka akan mencari perlindungan pada nama TUHAN,</verse>
<verse osisID="Zeph.3.13"> yakni sisa Israel itu. Mereka tidak akan melakukan kelaliman atau berbicara bohong; dalam mulut mereka tidak akan terdapat lidah penipu; ya, mereka akan seperti domba yang makan rumput dan berbaring dengan tidak ada yang mengganggunya."</verse>
<verse osisID="Zeph.3.14"> Bersorak-sorailah, hai puteri Sion, bertempik-soraklah, hai Israel! Bersukacitalah dan beria-rialah dengan segenap hati, hai puteri Yerusalem!</verse>
<verse osisID="Zeph.3.15"> TUHAN telah menyingkirkan hukuman yang jatuh atasmu, telah menebas binasa musuhmu. Raja Israel, yakni TUHAN, ada di antaramu; engkau tidak akan takut kepada malapetaka lagi.</verse>
<verse osisID="Zeph.3.16"> Pada hari itu akan dikatakan kepada Yerusalem: "Janganlah takut, hai Sion! Janganlah tanganmu menjadi lemah lesu.</verse>
<verse osisID="Zeph.3.17"> TUHAN Allahmu ada di antaramu sebagai pahlawan yang memberi kemenangan. Ia bergirang karena engkau dengan sukacita, Ia membaharui engkau dalam kasih-Nya, Ia bersorak-sorak karena engkau dengan sorak-sorai,</verse>
<verse osisID="Zeph.3.18"> seperti pada hari pertemuan raya." "Aku akan mengangkat malapetaka dari padamu, sehingga oleh karenanya engkau tidak lagi menanggung cela.</verse>
<verse osisID="Zeph.3.19"> Sesungguhnya pada waktu itu Aku akan bertindak terhadap segala penindasmu, tetapi Aku akan menyelamatkan yang pincang, mengumpulkan yang terpencar dan akan membuat mereka yang mendapat malu menjadi kepujian dan kenamaan di seluruh bumi.</verse>
<verse osisID="Zeph.3.20"> Pada waktu itu Aku akan membawa kamu pulang, yakni pada waktu Aku mengumpulkan kamu, sebab Aku mau membuat kamu menjadi kenamaan dan kepujian di antara segala bangsa di bumi dengan memulihkan keadaanmu di depan mata mereka," firman TUHAN.</verse>
</chapter>
</div>
